index,Y_raw
0,34.217979569254624
1,39.089081680279115
2,35.42019934811407
3,34.26153327670211
4,28.968268546137825
5,40.84738963299377
6,33.716328706856004
7,42.12638199927739
8,30.65512121434215
9,34.98193065805823
10,34.217979569254624
11,34.217979569254624
12,34.217979569254624
13,34.217979569254624
14,34.217979569254624
15,43.89063370662366
16,16.628348372215168
17,16.77368122345272
18,17.809103460735027
19,16.614201265698036
20,21.9460296651864
21,14.891579299239975
22,17.15263746366615
23,16.148253840876574
24,16.771529329563645
25,16.09090803883636
26,16.628348372215168
27,16.628348372215168
28,16.628348372215168
29,16.628348372215168
30,16.628348372215168
31,20.862095776474085
32,26.95008012231847
33,26.297357032335984
34,19.80657345422325
35,26.934886779881662
36,18.62804942399193
37,23.197304578842058
38,36.27267359615971
39,28.89869698080393
40,26.484763816825104
41,27.100758347147135
42,26.95008012231847
43,26.95008012231847
44,26.95008012231847
45,26.95008012231847
46,26.95008012231847
47,17.804531201597207
48,38.56813361617037
49,37.80001900014478
50,37.58126019937871
51,38.55165555043772
52,49.30041468795383
53,43.10495473735645
54,34.76280924268323
55,31.64124214596977
56,35.70980061273702
57,39.281382316539734
58,38.56813361617037
59,38.56813361617037
60,38.56813361617037
61,38.56813361617037
62,38.56813361617037
63,37.82980707048659
64,18.806291498180126
65,16.4186960720286
66,10.383892835349734
67,18.814166433360075
68,25.175275206431365
69,19.65894271723985
70,16.173371546892987
71,26.4776679795868
72,40.44002060879898
73,18.623397793692536
74,18.806291498180126
75,18.806291498180126
76,18.806291498180126
77,18.806291498180126
78,18.806291498180126
79,50.14305648268447
80,54.07437418197683
81,53.81807619499809
82,65.46934851862218
83,54.07770090335164
84,33.45030459935505
85,49.95898872607309
86,53.761344865724205
87,43.26959170045106
88,31.295877115451635
89,55.109589059755926
90,54.07437418197683
91,54.07437418197683
92,54.07437418197683
93,54.07437418197683
94,54.07437418197683
95,19.50147010077962
96,25.212308308589343
97,25.179836354123868
98,20.274604077839978
99,25.163964190900558
100,36.955787389992516
101,25.423555032321673
102,29.11789060590392
103,31.08497297798126
104,9.504813504066767
105,25.908398336931317
106,25.212308308589343
107,25.212308308589343
108,25.212308308589343
109,25.212308308589343
110,25.212308308589343
111,18.27334851889362
112,28.32716007309576
113,29.699122636402464
114,36.424292212731416
115,28.35426269815653
116,23.461776188657694
117,26.329607170571457
118,22.697108387626187
119,21.676851780041282
120,42.00095572503556
121,27.061484682260918
122,28.32716007309576
123,28.32716007309576
124,28.32716007309576
125,28.32716007309576
126,28.32716007309576
127,29.858467915921654
128,19.869590446441244
129,23.08872347542228
130,13.126734019238247
131,19.80401398609207
132,18.79949410274987
133,18.447350806236848
134,21.411742996340347
135,27.41652672828797
136,39.448122955164735
137,19.974233490716664
138,19.869590446441244
139,19.869590446441244
140,19.869590446441244
141,19.869590446441244
142,19.869590446441244
143,35.20596542175584
144,32.55555573805946
145,31.93929246048927
146,45.0437797559139
147,32.580585975247416
148,28.85980736242058
149,34.10534066378315
150,33.36107543498594
151,25.735759379977054
152,27.67004688063651
153,32.409138246562684
154,32.55555573805946
155,32.55555573805946
156,32.55555573805946
157,32.55555573805946
158,32.55555573805946
159,25.235157488865664
160,30.67733376945354
161,29.572549283951904
162,23.52844106709748
163,30.722609751946816
164,30.435489705949813
165,36.359649259942714
166,32.2795352151079
167,37.961425293215484
168,37.3703468050795
169,31.03828092877753
170,30.67733376945354
171,30.67733376945354
172,30.67733376945354
173,30.67733376945354
174,30.67733376945354
175,45.01317224097769
176,22.83875567430739
177,24.038749801672036
178,32.275621491774146
179,22.84344679589413
180,28.27042796230134
181,19.662402021991813
182,19.824883239967715
183,17.83164027983902
184,14.175288656620303
185,22.273199413175675
186,22.83875567430739
187,22.83875567430739
188,22.83875567430739
189,22.83875567430739
190,22.83875567430739
191,18.566589114886472
192,26.72921008860472
193,29.36645360795214
194,30.862205017854862
195,26.734458094263
196,28.70611822492747
197,26.242397900867218
198,28.813822685359636
199,34.29559907811487
200,18.956491466228652
201,26.923152893166495
202,26.72921008860472
203,26.72921008860472
204,26.72921008860472
205,26.72921008860472
206,26.72921008860472
207,37.686156788241895
208,19.34189547743634
209,16.89553347902357
210,19.053375224434554
211,19.325458452813557
212,19.960845810123466
213,18.90911869700228
214,18.448395416272366
215,17.71662434571057
216,31.661260388263678
217,19.035762556290877
218,19.34189547743634
219,19.34189547743634
220,19.34189547743634
221,19.34189547743634
222,19.34189547743634
223,24.771408166933806
224,22.712756052289148
225,15.489066897600773
226,15.790878785079876
227,22.740441994467623
228,19.10718979666612
229,22.115542533809215
230,25.59776437482359
231,24.16196747454668
232,50.10505794006253
233,23.1657554519258
234,22.712756052289148
235,22.712756052289148
236,22.712756052289148
237,22.712756052289148
238,22.712756052289148
239,34.923402117801345
240,58.56678107032054
241,55.885281853662946
242,57.86311293506575
243,58.61133062847093
244,60.15393155503504
245,59.39206920175783
246,53.57869250604969
247,49.49275900084759
248,24.590969413209034
249,58.54595160150254
250,58.56678107032054
251,58.56678107032054
252,58.56678107032054
253,58.56678107032054
254,58.56678107032054
255,15.233330319174554
256,10.285306337358003
257,11.390398223808958
258,9.210813723646373
259,10.288639297474292
260,14.524767005311388
261,10.885679621466323
262,13.163258591972177
263,9.348141036621488
264,9.136371218198093
265,10.402310225902749
266,10.285306337358003
267,10.285306337358003
268,10.285306337358003
269,10.285306337358003
270,10.285306337358003
271,15.323008547696672
272,42.698255063941886
273,42.58896166939917
274,49.39933470743177
275,42.69352290138543
276,38.20402955035327
277,40.259984312235794
278,42.275107456443806
279,51.920273048010806
280,39.02472807187167
281,43.161570170321056
282,42.698255063941886
283,42.698255063941886
284,42.698255063941886
285,42.698255063941886
286,42.698255063941886
287,46.07373794614277
288,41.22859775540177
289,41.76838009287666
290,39.484126128557186
291,41.30832774953184
292,50.282772452596866
293,44.970806391330925
294,41.512741777833064
295,31.71309850592948
296,50.18145459199142
297,40.33741073034309
298,41.22859775540177
299,41.22859775540177
300,41.22859775540177
301,41.22859775540177
302,41.22859775540177
303,51.87536700457131
304,21.286940439015215
305,21.555340289759247
306,16.62782477179806
307,21.276898570778513
308,14.114918615082189
309,19.920464859474357
310,20.69465236383039
311,24.259935312276372
312,26.440864639259114
313,21.668917876220597
314,21.286940439015215
315,21.286940439015215
316,21.286940439015215
317,21.286940439015215
318,21.286940439015215
319,14.601785024491864
320,46.011164405734924
321,45.31546096394478
322,35.91426043339231
323,45.93419014007848
324,27.947854109515234
325,50.2605321005635
326,50.20795079469377
327,36.19504395011515
328,26.7869635162768
329,45.05828194831471
330,46.011164405734924
331,46.011164405734924
332,46.011164405734924
333,46.011164405734924
334,46.011164405734924
335,11.465595136799916
336,19.688450460662388
337,20.579782755254367
338,26.17709838717805
339,19.714784391798318
340,27.04070470240653
341,16.88094879676017
342,16.395599342044335
343,25.516957959373883
344,36.99000780130959
345,19.799093369176905
346,19.688450460662388
347,19.688450460662388
348,19.688450460662388
349,19.688450460662388
350,19.688450460662388
351,62.926707467416364
352,31.113578680869836
353,29.35191885628988
354,19.966950136543105
355,31.109440398965074
356,25.08122554754892
357,27.605205356074414
358,30.788163891278334
359,25.321152338341005
360,52.98571426094496
361,30.689611473271086
362,31.113578680869836
363,31.113578680869836
364,31.113578680869836
365,31.113578680869836
366,31.113578680869836
367,22.33299635577795
368,21.09631817022813
369,21.722866786601696
370,30.874804027233477
371,21.09510963223799
372,29.84183952842582
373,23.340669940685782
374,18.006689071851472
375,25.064528518786794
376,11.31076601126118
377,21.314378872409666
378,21.09631817022813
379,21.09631817022813
380,21.09631817022813
381,21.09631817022813
382,21.09631817022813
383,26.59604242735448
384,37.58594801412108
385,41.77937525787872
386,34.30832215583916
387,37.599365205007956
388,33.22175280258953
389,38.08806132672987
390,42.11479946642372
391,32.19488309946257
392,46.197078839961165
393,36.24013518450867
394,37.58594801412108
395,37.58594801412108
396,37.58594801412108
397,37.58594801412108
398,37.58594801412108
399,36.57457925453078
400,32.37341441189108
401,29.68916183805279
402,41.8627289459555
403,32.38159728745439
404,31.384162648658727
405,33.10662665794301
406,24.659167779412993
407,38.08688982378468
408,20.51271140815433
409,32.95157368482769
410,32.37341441189108
411,32.37341441189108
412,32.37341441189108
413,32.37341441189108
414,32.37341441189108
415,22.359325180085506
416,20.94778546013666
417,17.505496992438932
418,12.759836645341501
419,20.863744949275816
420,25.18987423204956
421,21.296705919551684
422,21.408150410805582
423,16.40326061695644
424,25.070324015877027
425,21.039149102559065
426,20.94778546013666
427,20.94778546013666
428,20.94778546013666
429,20.94778546013666
430,20.94778546013666
431,14.615852371781877
432,30.655083538807208
433,29.993872151734347
434,45.55980280837646
435,30.641150991824233
436,29.666294388282182
437,30.31803212025149
438,32.4388550082729
439,36.811772436310285
440,20.745441610226635
441,30.56766953291127
442,30.655083538807208
443,30.655083538807208
444,30.655083538807208
445,30.655083538807208
446,30.655083538807208
447,45.06741958735008
448,23.876629848943395
449,26.011680201308526
450,24.916648469804617
451,23.91697720493232
452,26.538547179727676
453,22.04625204617812
454,27.63313339785955
455,20.320990586050957
456,45.71287506679093
457,24.56038802411913
458,23.876629848943395
459,23.876629848943395
460,23.876629848943395
461,23.876629848943395
462,23.876629848943395
463,52.84401374798763
464,31.907320145556714
465,31.43045548583332
466,36.426663927227715
467,31.89111061238775
468,36.250117264301416
469,33.67483073038954
470,26.577155404728984
471,40.186258227556735
472,8.772546528487762
473,31.899095964789538
474,31.907320145556714
475,31.907320145556714
476,31.907320145556714
477,31.907320145556714
478,31.907320145556714
479,13.141036490196955
480,54.4351654934912
481,48.883634164167944
482,50.949816176048515
483,54.47687035732872
484,53.51014370178639
485,61.53889882213484
486,53.65166138971635
487,43.11893882078135
488,47.724443190443445
489,52.392644708665834
490,54.4351654934912
491,54.4351654934912
492,54.4351654934912
493,54.4351654934912
494,54.4351654934912
495,33.207045162558494
496,18.3977259775973
497,20.997699989577068
498,17.86626267364067
499,18.39753942615515
500,14.793560669774562
501,12.815984339700893
502,20.808706105391927
503,20.6997407865234
504,27.376828559577838
505,18.95606294381334
506,18.3977259775973
507,18.3977259775973
508,18.3977259775973
509,18.3977259775973
510,18.3977259775973
511,22.023672429789148
512,24.474908790693924
513,29.588648988571315
514,24.307053372776572
515,24.50133919455278
516,30.153719619858666
517,25.50528217445599
518,26.859327764406846
519,21.723256010729525
520,26.055488132937157
521,24.352070433837554
522,24.474908790693924
523,24.474908790693924
524,24.474908790693924
525,24.474908790693924
526,24.474908790693924
527,38.27315872537319
528,38.582093356278435
529,37.81148859325977
530,44.54141855779787
531,38.581018226823254
532,36.775957990302864
533,36.01710614531779
534,39.986599500134766
535,35.89142631984908
536,35.429415310357264
537,39.10931300820876
538,38.582093356278435
539,38.582093356278435
540,38.582093356278435
541,38.582093356278435
542,38.582093356278435
543,31.020650398471766
544,48.14480304403896
545,45.150342688151405
546,46.42402540402823
547,48.08992303555534
548,42.68652455073176
549,43.448136037138845
550,42.21117906445771
551,52.15254082444815
552,47.104524262812774
553,49.12517538315845
554,48.14480304403896
555,48.14480304403896
556,48.14480304403896
557,48.14480304403896
558,48.14480304403896
559,31.68574856015752
560,12.237271692526784
561,13.597521695634207
562,11.170424597185415
563,12.262512836349114
564,11.873015636617586
565,15.096298454947886
566,15.758665897178371
567,13.48092260844217
568,12.380819262539253
569,11.778548543790189
570,12.237271692526784
571,12.237271692526784
572,12.237271692526784
573,12.237271692526784
574,12.237271692526784
575,19.470368184859673
576,49.89276671908945
577,55.31514405431571
578,42.19296732314584
579,49.90336913781594
580,51.39956932342819
581,50.19347746415269
582,53.0819189456377
583,50.48980657626677
584,20.043542655233104
585,50.908835514753534
586,49.89276671908945
587,49.89276671908945
588,49.89276671908945
589,49.89276671908945
590,49.89276671908945
591,18.945635084129933
592,18.43347888082791
593,17.550060760308913
594,23.96469698555216
595,18.395620377864304
596,14.07285276928921
597,19.18746583815358
598,17.64982532635317
599,18.603629429214838
600,32.31900407277007
601,17.827070495912498
602,18.43347888082791
603,18.43347888082791
604,18.43347888082791
605,18.43347888082791
606,18.43347888082791
607,27.535804281344976
608,46.758334125077965
609,38.42463770258759
610,33.50361442144768
611,46.78585030524212
612,48.2937746724532
613,47.68088285199093
614,39.16759265706198
615,45.638265214329955
616,69.91342642088868
617,47.1234501375791
618,46.758334125077965
619,46.758334125077965
620,46.758334125077965
621,46.758334125077965
622,46.758334125077965
623,50.61742004575836
624,15.192526632078899
625,14.454580722821257
626,22.845053765513345
627,15.1910887335887
628,18.878605853923915
629,14.850120786003098
630,17.3543344021723
631,15.644015462586458
632,7.807178470650609
633,15.456663213506468
634,15.192526632078899
635,15.192526632078899
636,15.192526632078899
637,15.192526632078899
638,15.192526632078899
639,23.344460694903116
640,44.85070595205808
641,45.68929223675222
642,38.63450688185976
643,44.85181587113442
644,57.32123337376219
645,40.466493480919446
646,43.313068497527304
647,45.058451910233536
648,29.98287651530072
649,45.381846709239646
650,44.85070595205808
651,44.85070595205808
652,44.85070595205808
653,44.85070595205808
654,44.85070595205808
655,23.196240983671746
656,18.56408529049542
657,18.78500706567951
658,27.20932808641728
659,18.555859742124568
660,12.2256998935841
661,21.704075907499206
662,18.34781686163937
663,18.800604945945835
664,24.296120913862
665,18.227909508780098
666,18.56408529049542
667,18.56408529049542
668,18.56408529049542
669,18.56408529049542
670,18.56408529049542
671,24.819031518870496
672,23.22436712417234
673,24.329360903744192
674,16.31921423101843
675,23.26429253198714
676,30.85042532686529
677,26.12792325227452
678,22.583833882871552
679,24.140900100283705
680,20.611156537558628
681,23.555881528899953
682,23.22436712417234
683,23.22436712417234
684,23.22436712417234
685,23.22436712417234
686,23.22436712417234
687,23.33378841149851
688,22.61771416838483
689,23.682468730629072
690,34.564986029210736
691,22.61837817899083
692,21.31092477935689
693,17.603157943760472
694,27.544150028321827
695,22.035808939338388
696,37.19591507614413
697,22.706168324598693
698,22.61771416838483
699,22.61771416838483
700,22.61771416838483
701,22.61771416838483
702,22.61771416838483
703,42.23474801233412
704,41.93710517477491
705,39.78750428652873
706,37.992797239626995
707,41.88265977587054
708,34.969018097464826
709,40.18853077929131
710,37.9382532477474
711,38.45640990617165
712,55.760481628498546
713,42.068052191387075
714,41.93710517477491
715,41.93710517477491
716,41.93710517477491
717,41.93710517477491
718,41.93710517477491
719,33.964861262563886
720,23.123387519231287
721,22.9768762133877
722,28.699861020812445
723,23.145054004182366
724,31.355551591656173
725,25.192159512969482
726,23.232176767122766
727,20.89109992602274
728,15.05168399292231
729,23.034282159290058
730,23.123387519231287
731,23.123387519231287
732,23.123387519231287
733,23.123387519231287
734,23.123387519231287
735,25.51119188929072
736,52.25450745319265
737,52.298050265954465
738,52.054511827587476
739,52.25855984848378
740,31.930284672328657
741,51.630461355687274
742,48.49106461977533
743,55.49775642399418
744,21.33019888542459
745,52.99182080306987
746,52.25450745319265
747,52.25450745319265
748,52.25450745319265
749,52.25450745319265
750,52.25450745319265
751,12.465274643269444
752,7.6630264587962875
753,8.787333983932797
754,7.12800629396747
755,7.66092709099253
756,10.681931920256948
757,8.463820080037879
758,9.916862359115415
759,9.127048725942272
760,27.193720929583336
761,7.496961029162818
762,7.6630264587962875
763,7.6630264587962875
764,7.6630264587962875
765,7.6630264587962875
766,7.6630264587962875
767,48.49329226903101
768,39.493451547821785
769,48.009613179091936
770,42.564818653858666
771,39.45990872756809
772,38.28263324352477
773,38.718529249956546
774,35.829890274224255
775,34.58028668867763
776,45.76907013558791
777,38.580656027284874
778,39.493451547821785
779,39.493451547821785
780,39.493451547821785
781,39.493451547821785
782,39.493451547821785
783,47.30369764160117
784,14.951658260187306
785,13.341403624035479
786,14.847647049441967
787,14.977649597659441
788,19.14211278345969
789,14.088099516866327
790,16.055565627162
791,13.93140938247348
792,18.02806516206326
793,15.1055374469294
794,14.951658260187306
795,14.951658260187306
796,14.951658260187306
797,14.951658260187306
798,14.951658260187306
799,19.61213907827145
800,37.17958072578443
801,28.63259788876473
802,27.994511687167016
803,37.20787946109841
804,36.06791900239095
805,36.33062130442427
806,39.32785806331004
807,38.3979475869999
808,31.108302398080347
809,36.814418347319986
810,37.17958072578443
811,37.17958072578443
812,37.17958072578443
813,37.17958072578443
814,37.17958072578443
815,19.12434331561821
816,28.08068093074008
817,28.11001824697251
818,29.344943522065513
819,28.081182925081414
820,24.26010259366982
821,28.857357481435994
822,30.236470306642747
823,33.639011734639965
824,25.601847724366987
825,28.227822926775644
826,28.08068093074008
827,28.08068093074008
828,28.08068093074008
829,28.08068093074008
830,28.08068093074008
831,31.411108376900586
832,19.73473649989846
833,21.598824509544656
834,12.041870406861579
835,19.75955765054327
836,15.949305001108357
837,21.49287605391663
838,15.64571033263671
839,20.755195398840932
840,35.97556869819247
841,19.995826958768223
842,19.73473649989846
843,19.73473649989846
844,19.73473649989846
845,19.73473649989846
846,19.73473649989846
847,19.8266185239178
848,29.074787995991517
849,28.87200307550753
850,41.7292794380389
851,29.078133346154278
852,31.342617934349057
853,27.16248843119051
854,31.532980165215932
855,26.969814863587455
856,13.211103576953453
857,29.33780799738349
858,29.074787995991517
859,29.074787995991517
860,29.074787995991517
861,29.074787995991517
862,29.074787995991517
863,19.49801220854611
864,37.16809417347753
865,34.58720069296076
866,31.50681781173986
867,37.18561971564256
868,42.13271951127323
869,32.75554381076204
870,36.0535164804781
871,38.598789476036444
872,23.89575812398591
873,36.37651140866906
874,37.16809417347753
875,37.16809417347753
876,37.16809417347753
877,37.16809417347753
878,37.16809417347753
879,15.276496429414658
880,17.746205080616985
881,19.834795676753636
882,29.20239945129738
883,17.7366606610161
884,17.596331818508286
885,24.985555889951296
886,19.383673435587568
887,15.772148616051279
888,35.38871228733017
889,18.108337227842608
890,17.746205080616985
891,17.746205080616985
892,17.746205080616985
893,17.746205080616985
894,17.746205080616985
895,62.57665646424913
896,31.534106625091532
897,29.82615818074326
898,22.76438941606254
899,31.58656782672867
900,20.830853772851423
901,29.025833727664516
902,26.536046687808785
903,32.62196702056716
904,20.68044375952401
905,32.2626671312939
906,31.534106625091532
907,31.534106625091532
908,31.534106625091532
909,31.534106625091532
910,31.534106625091532
911,7.319643748303125
912,18.560946064247283
913,18.339752592079833
914,30.137553008081202
915,18.556859578189947
916,25.966066626264638
917,19.663719066712027
918,25.674524961114045
919,17.521404583674194
920,26.69451388863104
921,18.646694831584846
922,18.560946064247283
923,18.560946064247283
924,18.560946064247283
925,18.560946064247283
926,18.560946064247283
927,60.31739935682586
928,49.14568289601412
929,51.47387257860862
930,43.50019000508423
931,49.156067431662926
932,43.990220854083354
933,46.01565010412491
934,48.74335502952059
935,49.931508954554836
936,39.82594176441711
937,47.48027737909252
938,49.14568289601412
939,49.14568289601412
940,49.14568289601412
941,49.14568289601412
942,49.14568289601412
943,28.27927271203669
944,21.255326531489118
945,21.203441864503105
946,28.63409826133042
947,21.25233249128231
948,25.952297799408505
949,23.07563301346043
950,20.31392272648253
951,20.021361115695925
952,26.32690497773205
953,21.752323114020438
954,21.255326531489118
955,21.255326531489118
956,21.255326531489118
957,21.255326531489118
958,21.255326531489118
959,41.53565930794202
960,37.65014177273615
961,36.847547024600885
962,37.87209757546817
963,37.63764918575524
964,53.48247922922405
965,35.70144253833447
966,33.67001636728061
967,34.40653775388061
968,19.044082402180262
969,36.334778705435845
970,37.65014177273615
971,37.65014177273615
972,37.65014177273615
973,37.65014177273615
974,37.65014177273615
975,16.00997748519522
976,14.326831401136317
977,14.70183143268582
978,14.86602276199771
979,14.303025875880468
980,11.921543508638267
981,17.45370187724101
982,18.695030023274896
983,12.893737450716074
984,45.11738554802428
985,14.54143689661171
986,14.326831401136317
987,14.326831401136317
988,14.326831401136317
989,14.326831401136317
990,14.326831401136317
991,46.261819728429245
992,28.038794880914637
993,25.96587736496982
994,21.85235693367653
995,27.97305509870486
996,38.4465878580126
997,30.18538918599428
998,27.825654524861527
999,29.500311996746333
1000,30.415820348651376
1001,28.15822118440234
1002,28.038794880914637
1003,28.038794880914637
1004,28.038794880914637
1005,28.038794880914637
1006,28.038794880914637
1007,35.5804274337837
1008,49.64754026595211
1009,49.13547958818647
1010,49.85335262166519
1011,49.62492643959253
1012,30.761970276784716
1013,44.29785568198082
1014,45.967302086846054
1015,55.6359868939444
1016,31.856202854029664
1017,49.655755439142986
1018,49.64754026595211
1019,49.64754026595211
1020,49.64754026595211
1021,49.64754026595211
1022,49.64754026595211
1023,17.320463622094152
1024,36.41451495663753
1025,42.439054937515834
1026,30.17987857782626
1027,36.35735035912168
1028,35.79087671714163
1029,36.16939604813888
1030,32.078986979409
1031,33.02370044928515
1032,18.145253256079148
1033,36.393170495182595
1034,36.41451495663753
1035,36.41451495663753
1036,36.41451495663753
1037,36.41451495663753
1038,36.41451495663753
1039,9.920315280769897
1040,16.074029103381257
1041,16.811160550125738
1042,31.16880533790489
1043,16.076242116154994
1044,16.05890926178169
1045,15.534891493362215
1046,21.052106421275322
1047,24.967585507939564
1048,30.037986979324725
1049,15.859249961534735
1050,16.074029103381257
1051,16.074029103381257
1052,16.074029103381257
1053,16.074029103381257
1054,16.074029103381257
1055,59.43660318654977
1056,14.598893828175783
1057,13.577506719059476
1058,9.302825199634407
1059,14.60597579987378
1060,15.891311476257641
1061,14.586668843941359
1062,15.29989868613399
1063,9.21898268202624
1064,33.67613420052192
1065,15.096882777641829
1066,14.598893828175783
1067,14.598893828175783
1068,14.598893828175783
1069,14.598893828175783
1070,14.598893828175783
1071,19.8251857290254
1072,46.22808320915371
1073,48.36638920863795
1074,47.916823856958636
1075,46.21281459187194
1076,43.15546163087941
1077,46.89728079373541
1078,43.77734199712199
1079,51.55488230427002
1080,32.82004204683524
1081,45.83478596739882
1082,46.22808320915371
1083,46.22808320915371
1084,46.22808320915371
1085,46.22808320915371
1086,46.22808320915371
1087,37.28467302341655
1088,28.44602624757049
1089,33.552334270961786
1090,26.925672616305427
1091,28.480937957954655
1092,30.931610603611514
1093,24.14793230256761
1094,23.425772297395362
1095,23.335078169799576
1096,27.554139678690706
1097,29.025087652422418
1098,28.44602624757049
1099,28.44602624757049
1100,28.44602624757049
1101,28.44602624757049
1102,28.44602624757049
1103,19.588645039250714
1104,24.252992237879262
1105,23.25852021338101
1106,20.594928782515712
1107,24.263190723969124
1108,28.8838986915588
1109,29.237107642296575
1110,30.378427338364126
1111,29.14292539851795
1112,27.159981735118656
1113,23.900919966042572
1114,24.252992237879262
1115,24.252992237879262
1116,24.252992237879262
1117,24.252992237879262
1118,24.252992237879262
1119,47.39942250392497
1120,53.00598332752405
1121,40.7292433870316
1122,53.57174497096607
1123,53.04578901776101
1124,52.82270009648484
1125,54.4451085220334
1126,52.2402238455623
1127,47.726192644747
1128,56.29717742304858
1129,53.0651802140207
1130,53.00598332752405
1131,53.00598332752405
1132,53.00598332752405
1133,53.00598332752405
1134,53.00598332752405
1135,40.145905226852534
1136,15.617547721384469
1137,16.578206081921227
1138,15.758959519130078
1139,15.61681098932295
1140,12.168512357035553
1141,14.871994711746169
1142,14.455684535659634
1143,18.62185867268594
1144,16.5084817969408
1145,15.298770685559452
1146,15.617547721384469
1147,15.617547721384469
1148,15.617547721384469
1149,15.617547721384469
1150,15.617547721384469
1151,14.398414091040092
1152,17.805025918551486
1153,19.175376756611293
1154,19.142391964398897
1155,17.824081129865363
1156,25.461221568193167
1157,16.420111526601204
1158,13.951448919776377
1159,15.570516747113926
1160,36.11778977917629
1161,18.350873698798654
1162,17.805025918551486
1163,17.805025918551486
1164,17.805025918551486
1165,17.805025918551486
1166,17.805025918551486
1167,45.33866680825635
1168,48.58263846472097
1169,47.86295640643096
1170,40.73270534223437
1171,48.55865667942447
1172,45.22300280734702
1173,49.67759517844059
1174,50.566678595615976
1175,53.07059436125444
1176,20.16150769693466
1177,46.944118344098165
1178,48.58263846472097
1179,48.58263846472097
1180,48.58263846472097
1181,48.58263846472097
1182,48.58263846472097
1183,17.722471338845544
1184,45.662340394171366
1185,45.96827404818381
1186,45.3375998283667
1187,45.67044509577207
1188,55.23178694835476
1189,42.35685261912608
1190,43.38338270588671
1191,41.10829167501014
1192,34.60014794309009
1193,45.25842141785638
1194,45.662340394171366
1195,45.662340394171366
1196,45.662340394171366
1197,45.662340394171366
1198,45.662340394171366
1199,30.146606053518767
1200,16.339366982721433
1201,16.531390987432186
1202,18.598110569545685
1203,16.338939247469465
1204,10.687494510700358
1205,18.1562969075236
1206,17.404149177079965
1207,19.850962475205737
1208,22.226298222744667
1209,16.305456097893405
1210,16.339366982721433
1211,16.339366982721433
1212,16.339366982721433
1213,16.339366982721433
1214,16.339366982721433
1215,21.19675628082597
1216,52.571731924428015
1217,45.80109885330315
1218,44.89884802383463
1219,52.55847664485339
1220,34.96626646087168
1221,57.07223947605257
1222,49.656239326015935
1223,46.110993418733784
1224,57.89093958023955
1225,52.07844875473065
1226,52.571731924428015
1227,52.571731924428015
1228,52.571731924428015
1229,52.571731924428015
1230,52.571731924428015
1231,28.12931688907057
1232,17.24585758892758
1233,17.195489800144767
1234,29.01737023717257
1235,17.23876677075933
1236,24.498095948657088
1237,14.537288925135108
1238,19.470580392973915
1239,26.569364856836607
1240,8.026832052396907
1241,17.348952163018488
1242,17.24585758892758
1243,17.24585758892758
1244,17.24585758892758
1245,17.24585758892758
1246,17.24585758892758
1247,34.536422910420335
1248,22.78087561100873
1249,22.995064902694825
1250,14.213951103627373
1251,22.731200043610706
1252,17.10274301719238
1253,21.404946426449072
1254,24.57836782770788
1255,14.69052201011214
1256,35.48719775724295
1257,23.915833754250823
1258,22.78087561100873
1259,22.78087561100873
1260,22.78087561100873
1261,22.78087561100873
1262,22.78087561100873
1263,11.709656660675098
1264,27.32838396258216
1265,27.437711664240965
1266,29.265200965533918
1267,27.320210236980586
1268,37.58168219863774
1269,33.11495404203486
1270,29.38918076377768
1271,31.47648646536986
1272,22.49029653296074
1273,26.674502832342302
1274,27.32838396258216
1275,27.32838396258216
1276,27.32838396258216
1277,27.32838396258216
1278,27.32838396258216
1279,49.59842366102847
1280,18.16794919049616
1281,23.6925078249805
1282,16.306568247604723
1283,18.175629921520105
1284,16.405977824479702
1285,12.989426211237863
1286,15.843339068402463
1287,25.65412471327634
1288,37.66900935960199
1289,17.761127758624184
1290,18.16794919049616
1291,18.16794919049616
1292,18.16794919049616
1293,18.16794919049616
1294,18.16794919049616
1295,32.77364010153973
1296,36.86841642145814
1297,35.26594879799505
1298,48.43177296119131
1299,36.86638457762445
1300,31.43788134133134
1301,42.13447953142918
1302,37.46625025648269
1303,34.13279716145859
1304,17.87185161121591
1305,38.31282726197329
1306,36.86841642145814
1307,36.86841642145814
1308,36.86841642145814
1309,36.86841642145814
1310,36.86841642145814
1311,24.106471668442733
1312,44.56500245019982
1313,38.143092613685745
1314,30.949402166783734
1315,44.488955337825644
1316,46.726344909429656
1317,46.89523209119682
1318,41.689922634316545
1319,47.2994795085744
1320,21.729457089404676
1321,44.639737463394596
1322,44.56500245019982
1323,44.56500245019982
1324,44.56500245019982
1325,44.56500245019982
1326,44.56500245019982
1327,13.530797507744039
1328,18.7248399497625
1329,18.862823134771244
1330,23.21481936452711
1331,18.730389167124535
1332,24.31037494165933
1333,16.45578330519361
1334,22.88267328353528
1335,12.774506783407684
1336,34.915555711832994
1337,18.565561055218
1338,18.7248399497625
1339,18.7248399497625
1340,18.7248399497625
1341,18.7248399497625
1342,18.7248399497625
1343,43.64494012586223
1344,30.032695168312895
1345,33.01727203352364
1346,25.562286969843324
1347,30.045131320367695
1348,31.697753940325732
1349,30.05718815635533
1350,28.59220667309747
1351,36.20004366472991
1352,32.06922416097509
1353,30.18243499239897
1354,30.032695168312895
1355,30.032695168312895
1356,30.032695168312895
1357,30.032695168312895
1358,30.032695168312895
1359,36.88900739097416
1360,26.122700819007637
1361,28.07006875974407
1362,25.969240079580985
1363,26.11739444043676
1364,26.063495097717844
1365,26.638293660467866
1366,25.6372086175707
1367,20.04088863923306
1368,29.779998205994044
1369,25.781168866212674
1370,26.122700819007637
1371,26.122700819007637
1372,26.122700819007637
1373,26.122700819007637
1374,26.122700819007637
1375,24.90755928257665
1376,16.924808030478758
1377,13.519411332816668
1378,22.332236430293342
1379,16.94801645672705
1380,14.698675500410816
1381,17.073077651910054
1382,15.74339476246576
1383,21.276385159300858
1384,14.037794047696895
1385,16.30160428790948
1386,16.924808030478758
1387,16.924808030478758
1388,16.924808030478758
1389,16.924808030478758
1390,16.924808030478758
1391,14.728064713760292
1392,53.79534391537858
1393,58.3169028936255
1394,50.9008923437069
1395,53.799159432693486
1396,57.13587139904123
1397,53.88843998652047
1398,57.91383612365566
1399,46.57369261126238
1400,44.00465780811667
1401,56.150506371909344
1402,53.79534391537858
1403,53.79534391537858
1404,53.79534391537858
1405,53.79534391537858
1406,53.79534391537858
1407,45.6192670308631
1408,28.240572794056792
1409,29.113755068662964
1410,26.374833612033438
1411,28.23851204153095
1412,24.02965367822471
1413,31.500441242985083
1414,29.714260119006816
1415,34.93601566583145
1416,24.7228282741756
1417,27.66065966781668
1418,28.240572794056792
1419,28.240572794056792
1420,28.240572794056792
1421,28.240572794056792
1422,28.240572794056792
1423,29.065008787797847
1424,21.676267089125783
1425,20.968616444076893
1426,20.289921043169578
1427,21.66581855786042
1428,27.379561663133433
1429,18.3668968330696
1430,20.17232718598999
1431,17.46374242952277
1432,35.86011796501122
1433,21.64306268083055
1434,21.676267089125783
1435,21.676267089125783
1436,21.676267089125783
1437,21.676267089125783
1438,21.676267089125783
1439,29.33387516393436
1440,25.928832985565503
1441,27.432698924581395
1442,31.525537978448078
1443,25.965586574158383
1444,18.021533293670192
1445,23.71681944284284
1446,18.96818841466992
1447,31.36542180219726
1448,57.13052914098118
1449,25.49943369276392
1450,25.928832985565503
1451,25.928832985565503
1452,25.928832985565503
1453,25.928832985565503
1454,25.928832985565503
1455,40.941768162026726
1456,36.16783521589309
1457,37.076631220886696
1458,35.82648566337361
1459,36.15355360632994
1460,47.859592725753075
1461,38.906719205131715
1462,39.10730411133736
1463,30.91292307479097
1464,10.852661534562355
1465,37.08194454297412
1466,36.16783521589309
1467,36.16783521589309
1468,36.16783521589309
1469,36.16783521589309
1470,36.16783521589309
1471,15.417761037125883
1472,9.142947372787189
1473,8.79072387017278
1474,8.784025164136612
1475,9.12898802380321
1476,11.225887781014737
1477,9.134861197837541
1478,10.742100851928678
1479,13.814217253200061
1480,15.828367916530356
1481,9.120272378366655
1482,9.142947372787189
1483,9.142947372787189
1484,9.142947372787189
1485,9.142947372787189
1486,9.142947372787189
1487,29.328676851227755
1488,49.91932843559311
1489,51.75629033247891
1490,61.67377748527536
1491,50.00507334228263
1492,29.406460986612107
1493,54.90097560042243
1494,51.97029440982818
1495,45.02793887881029
1496,39.55255132018814
1497,51.19767765085197
1498,49.91932843559311
1499,49.91932843559311
1500,49.91932843559311
1501,49.91932843559311
1502,49.91932843559311
1503,34.065826415192696
1504,36.75169223722006
1505,36.596088287999166
1506,25.88055227761224
1507,36.75605447380443
1508,57.42762795670626
1509,35.74526803147605
1510,31.97007045943719
1511,38.991994031238626
1512,43.304187052337625
1513,36.08835125636395
1514,36.75169223722006
1515,36.75169223722006
1516,36.75169223722006
1517,36.75169223722006
1518,36.75169223722006
1519,45.690769922859474
1520,20.736535910169362
1521,20.78721259302151
1522,25.026708669045682
1523,20.744657592075203
1524,17.83540601892231
1525,21.737277352561836
1526,26.46550112345524
1527,13.664543664070104
1528,16.412169100960547
1529,20.81397191494912
1530,20.736535910169362
1531,20.736535910169362
1532,20.736535910169362
1533,20.736535910169362
1534,20.736535910169362
1535,15.95267261594469
1536,21.307361449147017
1537,22.814756228403038
1538,20.73070697420987
1539,21.30776678628787
1540,14.690619754886379
1541,23.930718582816205
1542,24.43204312897357
1543,19.009449218375728
1544,46.11049895633507
1545,21.79083193236793
1546,21.307361449147017
1547,21.307361449147017
1548,21.307361449147017
1549,21.307361449147017
1550,21.307361449147017
1551,36.01531270024307
1552,33.01848791427347
1553,33.698353803511026
1554,41.9761897776677
1555,32.99167817477117
1556,44.380454624948115
1557,32.2493994584721
1558,26.663202505398182
1559,29.87438384073749
1560,22.194676773440317
1561,32.49673762170087
1562,33.01848791427347
1563,33.01848791427347
1564,33.01848791427347
1565,33.01848791427347
1566,33.01848791427347
1567,29.41136432899737
1568,54.29453525006301
1569,54.22194375126226
1570,38.25774068810216
1571,54.3828309230846
1572,47.12830281142541
1573,56.69400899799228
1574,53.066149561335116
1575,56.94524107836127
1576,29.440102717666825
1577,54.33770162247476
1578,54.29453525006301
1579,54.29453525006301
1580,54.29453525006301
1581,54.29453525006301
1582,54.29453525006301
1583,16.271632091611885
1584,10.182505625149544
1585,11.677386536841295
1586,14.957049224563294
1587,10.184418154093843
1588,12.772280831050287
1589,8.897184787133803
1590,11.517883154076815
1591,12.547241113490566
1592,19.70334966979379
1593,10.005283994906925
1594,10.182505625149544
1595,10.182505625149544
1596,10.182505625149544
1597,10.182505625149544
1598,10.182505625149544
1599,33.700476349346914
1600,32.9917827270558
1601,31.48395546281921
1602,31.348521451348972
1603,32.941942617866815
1604,49.02568699281135
1605,29.32995720612133
1606,37.2073458543164
1607,33.19309100281165
1608,34.56352098759043
1609,32.90617273160203
1610,32.9917827270558
1611,32.9917827270558
1612,32.9917827270558
1613,32.9917827270558
1614,32.9917827270558
1615,47.13668811593873
1616,12.581764931364663
1617,12.365920004093297
1618,11.432716136495891
1619,12.602598843797315
1620,11.632187410022656
1621,14.963167119915285
1622,8.718070065221543
1623,12.671137030243054
1624,11.804389909581705
1625,12.518904569341428
1626,12.581764931364663
1627,12.581764931364663
1628,12.581764931364663
1629,12.581764931364663
1630,12.581764931364663
1631,8.284800248587732
1632,27.962149315182845
1633,27.047718093501732
1634,33.59183768973331
1635,27.963670517138752
1636,37.142803035353815
1637,31.06684463268315
1638,29.20263877404346
1639,28.70653678111292
1640,27.427792399293043
1641,29.116784970269332
1642,27.962149315182845
1643,27.962149315182845
1644,27.962149315182845
1645,27.962149315182845
1646,27.962149315182845
1647,51.03424980401592
1648,44.382515169614884
1649,45.48214490956355
1650,45.08780091697807
1651,44.378164912630446
1652,24.10641304407765
1653,36.51421478116213
1654,47.868299761571556
1655,43.54589018908725
1656,46.9438832449889
1657,43.760348013484936
1658,44.382515169614884
1659,44.382515169614884
1660,44.382515169614884
1661,44.382515169614884
1662,44.382515169614884
1663,24.07833365794019
1664,41.425500891241995
1665,47.86945640651868
1666,35.35215004319367
1667,41.451899672555214
1668,41.596939616327866
1669,41.205090606256135
1670,46.6945942560965
1671,41.64936441046021
1672,15.16089798765817
1673,40.99038053198698
1674,41.425500891241995
1675,41.425500891241995
1676,41.425500891241995
1677,41.425500891241995
1678,41.425500891241995
1679,18.831154128789297
1680,10.208629761520543
1681,10.160342984276124
1682,9.640973855086894
1683,10.20915361149581
1684,13.683037800507332
1685,10.338445736396029
1686,8.58826117795512
1687,10.366502000435197
1688,27.30231250651222
1689,10.230185666812908
1690,10.208629761520543
1691,10.208629761520543
1692,10.208629761520543
1693,10.208629761520543
1694,10.208629761520543
1695,35.112051539384595
1696,39.71494125555842
1697,37.74845583025934
1698,47.87552341194485
1699,39.60853108721622
1700,37.29794493268584
1701,42.1779053052363
1702,39.6574832763473
1703,39.03607266610244
1704,49.07983276362692
1705,41.43298015098338
1706,39.71494125555842
1707,39.71494125555842
1708,39.71494125555842
1709,39.71494125555842
1710,39.71494125555842
1711,54.90242604041912
1712,35.256882074863064
1713,39.52649297347915
1714,32.32400837726608
1715,35.2865971130403
1716,28.450019233977066
1717,35.430728949285616
1718,31.196192263175824
1719,36.20426018347217
1720,26.43434855044529
1721,34.42344360194901
1722,35.256882074863064
1723,35.256882074863064
1724,35.256882074863064
1725,35.256882074863064
1726,35.256882074863064
1727,18.492048309496326
1728,17.447232263728726
1729,20.090054220470645
1730,14.132822768350527
1731,17.480898524946905
1732,14.562593139678267
1733,20.611225262402833
1734,21.335783993490093
1735,15.830007067858045
1736,13.106866906500715
1737,17.927135684335823
1738,17.447232263728726
1739,17.447232263728726
1740,17.447232263728726
1741,17.447232263728726
1742,17.447232263728726
1743,13.818988715714115
1744,45.92696381897231
1745,44.72394411049075
1746,57.85178636103244
1747,45.90034673724324
1748,50.01983158297939
1749,37.99855529450564
1750,44.80823122141374
1751,41.5330039744878
1752,64.81164675995161
1753,44.635437028000716
1754,45.92696381897231
1755,45.92696381897231
1756,45.92696381897231
1757,45.92696381897231
1758,45.92696381897231
1759,64.7038151370085
1760,46.01633175889519
1761,41.41347323892984
1762,35.46836680797622
1763,46.04601107973331
1764,49.66580396792853
1765,45.032019807578486
1766,45.870763144256
1767,48.71163493009287
1768,33.55989042795257
1769,45.74946883340935
1770,46.01633175889519
1771,46.01633175889519
1772,46.01633175889519
1773,46.01633175889519
1774,46.01633175889519
1775,25.127693861267225
1776,16.507657865940672
1777,16.21162640808907
1778,18.761784269574527
1779,16.507692075107293
1780,16.05351598423768
1781,17.58918439632005
1782,15.292262667453924
1783,18.93906222814758
1784,19.827822136973676
1785,16.36856072106619
1786,16.507657865940672
1787,16.507657865940672
1788,16.507657865940672
1789,16.507657865940672
1790,16.507657865940672
1791,28.500786634346916
1792,55.62348466375271
1793,56.41203031336066
1794,52.38925365678145
1795,55.64379071541569
1796,67.80292076514542
1797,51.93453144796102
1798,57.305177528720805
1799,49.98567214624999
1800,35.07482528722749
1801,55.68907175287976
1802,55.62348466375271
1803,55.62348466375271
1804,55.62348466375271
1805,55.62348466375271
1806,55.62348466375271
1807,29.685380338280133
1808,13.78939510077682
1809,13.480354704020431
1810,28.300391911062622
1811,13.777978340671995
1812,8.789743175885812
1813,16.236949429356187
1814,12.992439618381729
1815,13.06399559235515
1816,32.74404497087905
1817,13.608216663166504
1818,13.78939510077682
1819,13.78939510077682
1820,13.78939510077682
1821,13.78939510077682
1822,13.78939510077682
1823,31.87972861738497
1824,19.931341514953342
1825,20.96939747869574
1826,13.272293689477948
1827,19.921361519018216
1828,27.645189959123552
1829,22.44329665506919
1830,21.65678598091614
1831,21.923694851112508
1832,35.55956188190727
1833,19.196975463880705
1834,19.931341514953342
1835,19.931341514953342
1836,19.931341514953342
1837,19.931341514953342
1838,19.931341514953342
1839,46.73034696232395
1840,27.21107631801571
1841,26.93370244376104
1842,32.879682873269445
1843,27.19246241916775
1844,26.148970211949667
1845,24.952084349158586
1846,22.2948484118523
1847,29.94895250044084
1848,11.239939053014604
1849,28.294770175839247
1850,27.21107631801571
1851,27.21107631801571
1852,27.21107631801571
1853,27.21107631801571
1854,27.21107631801571
1855,11.378202294802236
1856,35.39503503840925
1857,36.655350285142205
1858,37.08015422074742
1859,35.404291937428745
1860,28.143802674499632
1861,37.732335498448656
1862,37.69109050800787
1863,37.379953820181065
1864,29.451466633318887
1865,34.80138020584083
1866,35.39503503840925
1867,35.39503503840925
1868,35.39503503840925
1869,35.39503503840925
1870,35.39503503840925
1871,30.507508176380455
1872,22.324756563690343
1873,24.066658120741728
1874,17.098428694496267
1875,22.32173558751291
1876,29.07772053935732
1877,20.737073339033962
1878,23.796445605930483
1879,21.108413316729727
1880,18.14145812467459
1881,23.14906858507044
1882,22.324756563690343
1883,22.324756563690343
1884,22.324756563690343
1885,22.324756563690343
1886,22.324756563690343
1887,16.856330374970216
1888,69.94291509784848
1889,67.44334849435683
1890,69.35719872688514
1891,69.87506272941663
1892,45.38587704592005
1893,70.60901066755267
1894,71.78881629353465
1895,70.18793090118555
1896,72.10827028451749
1897,69.65095580589215
1898,69.94291509784848
1899,69.94291509784848
1900,69.94291509784848
1901,69.94291509784848
1902,69.94291509784848
1903,46.66132602307723
1904,12.667210786268571
1905,12.65873220960278
1906,13.604963364400634
1907,12.654819857645066
1908,18.50000259439153
1909,11.466594618125113
1910,10.738886013795367
1911,12.246531104573137
1912,16.352464488653332
1913,12.59907777075445
1914,12.667210786268571
1915,12.667210786268571
1916,12.667210786268571
1917,12.667210786268571
1918,12.667210786268571
1919,19.527251528661115
1920,22.366367293605727
1921,28.33072320715211
1922,21.382578479088334
1923,22.31531714312044
1924,26.41272038658698
1925,27.684400226365426
1926,20.052987524360287
1927,23.289203812859423
1928,26.578835280123602
1929,22.2618066819005
1930,22.366367293605727
1931,22.366367293605727
1932,22.366367293605727
1933,22.366367293605727
1934,22.366367293605727
1935,40.766269973947885
1936,32.381758228912965
1937,28.931718488480673
1938,25.821330192697168
1939,32.42307555088464
1940,28.17199391514896
1941,26.97713962523116
1942,32.37750081737386
1943,31.168260197936515
1944,19.06251528793384
1945,33.330673230019784
1946,32.381758228912965
1947,32.381758228912965
1948,32.381758228912965
1949,32.381758228912965
1950,32.381758228912965
1951,9.622829904641241
1952,44.581925522012526
1953,38.27452785138396
1954,45.65602578042688
1955,44.61430641556257
1956,41.19909691083053
1957,42.84852015350959
1958,49.62648468717411
1959,47.199524488678094
1960,21.585764647202385
1961,43.84819720331065
1962,44.581925522012526
1963,44.581925522012526
1964,44.581925522012526
1965,44.581925522012526
1966,44.581925522012526
1967,20.156560486551804
1968,10.901151087328023
1969,11.413361142806194
1970,11.448043096488345
1971,10.902413865039112
1972,11.442427923435238
1973,12.766377300153145
1974,8.239629373123392
1975,9.686407952638056
1976,45.0402317488644
1977,10.931113507861273
1978,10.901151087328023
1979,10.901151087328023
1980,10.901151087328023
1981,10.901151087328023
1982,10.901151087328023
1983,45.328090053991914
1984,73.12858867047099
1985,73.6020197791526
1986,61.4373556583831
1987,73.15416181705274
1988,73.1223516391629
1989,73.14047163445797
1990,71.99365101686433
1991,67.47217956939006
1992,61.79286769365358
1993,72.38823569387883
1994,73.12858867047099
1995,73.12858867047099
1996,73.12858867047099
1997,73.12858867047099
1998,73.12858867047099
1999,40.95686134088535
2000,12.085019171321827
2001,12.85594911310022
2002,21.658988036103864
2003,12.085022904439738
2004,9.430123276294951
2005,11.79349869707919
2006,11.808109183657953
2007,11.077119019826133
2008,19.935161933218883
2009,12.044882227715446
2010,12.085019171321827
2011,12.085019171321827
2012,12.085019171321827
2013,12.085019171321827
2014,12.085019171321827
2015,19.07692739122926
2016,26.425315264968134
2017,24.254672561023828
2018,19.444011129142353
2019,26.450540851948215
2020,28.429546185048437
2021,24.4504799127418
2022,35.12830863089573
2023,26.817159226173164
2024,19.85500242272719
2025,25.823215276400852
2026,26.425315264968134
2027,26.425315264968134
2028,26.425315264968134
2029,26.425315264968134
2030,26.425315264968134
2031,19.828956732308306
2032,14.742085701318455
2033,17.260648159945006
2034,15.721208122725676
2035,14.735306040783268
2036,17.81403362782864
2037,14.659302108391833
2038,12.12836420629546
2039,17.710361241669375
2040,20.334856061547224
2041,15.189341610249372
2042,14.742085701318455
2043,14.742085701318455
2044,14.742085701318455
2045,14.742085701318455
2046,14.742085701318455
2047,32.24337572516957
2048,42.5467141733318
2049,46.78946865250146
2050,37.034322628647644
2051,42.56705568943286
2052,34.10319628132802
2053,42.53662788323977
2054,43.366588570499886
2055,34.54498926544083
2056,37.620987942810025
2057,42.148615193411935
2058,42.5467141733318
2059,42.5467141733318
2060,42.5467141733318
2061,42.5467141733318
2062,42.5467141733318
2063,19.428935313725923
2064,15.678733282368814
2065,15.702166692008227
2066,21.474981544056376
2067,15.678045002233056
2068,24.85135284808002
2069,14.97168901655257
2070,14.271357450415453
2071,16.269432104561332
2072,15.233708712279238
2073,15.497044343256812
2074,15.678733282368814
2075,15.678733282368814
2076,15.678733282368814
2077,15.678733282368814
2078,15.678733282368814
2079,30.61439721211914
2080,24.0411998389465
2081,23.71629787114229
2082,18.262064246236697
2083,24.061234484501032
2084,17.95449773593259
2085,23.872101723318636
2086,20.806950576166468
2087,21.492994331238293
2088,31.111428609377413
2089,23.36396903207852
2090,24.0411998389465
2091,24.0411998389465
2092,24.0411998389465
2093,24.0411998389465
2094,24.0411998389465
2095,13.274446959907635
2096,27.253857768765567
2097,26.3955334412875
2098,36.39537705632175
2099,27.22545541350014
2100,29.164995103817976
2101,27.50310495980017
2102,33.95731979842524
2103,35.54708139657097
2104,33.635477261999114
2105,28.162833787853412
2106,27.253857768765567
2107,27.253857768765567
2108,27.253857768765567
2109,27.253857768765567
2110,27.253857768765567
2111,59.7271648867421
2112,15.747230797140938
2113,14.598401470482752
2114,20.175815779170616
2115,15.709370459709284
2116,20.969661067148547
2117,15.00510602451244
2118,14.922651316832948
2119,11.488671050612188
2120,34.863793313877906
2121,15.357165571860042
2122,15.747230797140938
2123,15.747230797140938
2124,15.747230797140938
2125,15.747230797140938
2126,15.747230797140938
2127,37.45976214117229
2128,47.01435541935026
2129,48.03875144436671
2130,42.57930277577864
2131,47.07401343255989
2132,35.40666935005583
2133,48.36020574087963
2134,44.834192547766676
2135,55.67491055417111
2136,25.7546850270074
2137,49.07839874034705
2138,47.01435541935026
2139,47.01435541935026
2140,47.01435541935026
2141,47.01435541935026
2142,47.01435541935026
2143,22.54914871683862
2144,39.69775684502657
2145,39.6778916679534
2146,33.15745675713069
2147,39.71650998239452
2148,57.76020028569742
2149,44.109662034498996
2150,34.295958101054566
2151,33.21752877638612
2152,25.535355068737168
2153,39.962878089253344
2154,39.69775684502657
2155,39.69775684502657
2156,39.69775684502657
2157,39.69775684502657
2158,39.69775684502657
2159,18.680443069568312
2160,15.53426446777327
2161,14.952247896804174
2162,15.988846403091738
2163,15.534696214033698
2164,10.447204478433337
2165,11.88257025574991
2166,21.593355999051642
2167,20.884528861581202
2168,37.69329234967691
2169,15.430756828329143
2170,15.53426446777327
2171,15.53426446777327
2172,15.53426446777327
2173,15.53426446777327
2174,15.53426446777327
2175,30.72019693993587
2176,19.405000038968783
2177,22.587556218849446
2178,23.85473824908374
2179,19.402461519676546
2180,17.83445148284168
2181,21.313122162581333
2182,19.78711156464028
2183,14.240877718877178
2184,28.170472104618167
2185,19.144104736064797
2186,19.405000038968783
2187,19.405000038968783
2188,19.405000038968783
2189,19.405000038968783
2190,19.405000038968783
2191,29.79742458462442
2192,41.13673142474864
2193,38.597943505437364
2194,40.67150745085093
2195,41.12357619993531
2196,44.75312502182813
2197,38.01987369272848
2198,44.01203615332206
2199,47.45330839795482
2200,28.64418263799453
2201,42.56156061929777
2202,41.13673142474864
2203,41.13673142474864
2204,41.13673142474864
2205,41.13673142474864
2206,41.13673142474864
2207,35.609876630577375
2208,57.872358978932596
2209,56.411777435687675
2210,54.27533787461023
2211,57.818681514023275
2212,58.888625213886584
2213,58.596404934743354
2214,53.4338347798565
2215,47.037690926201705
2216,64.89327334610803
2217,57.55177878201255
2218,57.872358978932596
2219,57.872358978932596
2220,57.872358978932596
2221,57.872358978932596
2222,57.872358978932596
2223,46.29020864441445
2224,12.539074670641302
2225,13.303365102134356
2226,11.71148059838011
2227,12.555232034541698
2228,12.401242101339069
2229,11.198660592440739
2230,14.545417282803806
2231,18.067670162645324
2232,7.992756682784568
2233,12.552019323162618
2234,12.539074670641302
2235,12.539074670641302
2236,12.539074670641302
2237,12.539074670641302
2238,12.539074670641302
2239,11.452556866900045
2240,33.78796105743316
2241,37.22191426055304
2242,23.495570806276934
2243,33.82359130447666
2244,34.351628463444364
2245,38.01095498271824
2246,34.01101948425792
2247,27.041123077475483
2248,19.647043114906687
2249,32.97950582856018
2250,33.78796105743316
2251,33.78796105743316
2252,33.78796105743316
2253,33.78796105743316
2254,33.78796105743316
2255,11.158714052683896
2256,23.17464947207939
2257,23.79194012380858
2258,33.2560084260768
2259,23.173893025381155
2260,28.009978556588234
2261,19.63503127594433
2262,24.11677684501642
2263,24.48007956749453
2264,27.469816904156396
2265,23.115399949165823
2266,23.17464947207939
2267,23.17464947207939
2268,23.17464947207939
2269,23.17464947207939
2270,23.17464947207939
2271,40.295977423362274
2272,22.03354568425163
2273,17.326295536371934
2274,20.170185742464874
2275,22.032607300749138
2276,19.92638278542372
2277,19.538031950393105
2278,18.358981910414013
2279,21.65034565017907
2280,52.493954940327036
2281,21.739790789185413
2282,22.03354568425163
2283,22.03354568425163
2284,22.03354568425163
2285,22.03354568425163
2286,22.03354568425163
2287,32.97454249390575
2288,36.94764420572651
2289,42.264591115277796
2290,42.987185465521655
2291,36.94130149158867
2292,32.542099447188356
2293,42.84604724657416
2294,38.06468610549712
2295,44.970373089120635
2296,12.862684242061253
2297,37.86867922111592
2298,36.94764420572651
2299,36.94764420572651
2300,36.94764420572651
2301,36.94764420572651
2302,36.94764420572651
2303,31.97282050630482
2304,12.36429399464717
2305,12.880730239178295
2306,11.112136834715741
2307,12.369414670553672
2308,17.402063876889933
2309,10.826800237862766
2310,11.188751745192484
2311,14.204768082137214
2312,10.888751913532632
2313,12.749915950496481
2314,12.36429399464717
2315,12.36429399464717
2316,12.36429399464717
2317,12.36429399464717
2318,12.36429399464717
2319,12.293264341661693
2320,45.57909211106678
2321,44.00323668655239
2322,49.50291361979487
2323,45.53360460536158
2324,33.71461311635562
2325,48.44732318193847
2326,51.97398499600208
2327,35.27267198954303
2328,45.06412910604243
2329,44.7228474231429
2330,45.57909211106678
2331,45.57909211106678
2332,45.57909211106678
2333,45.57909211106678
2334,45.57909211106678
2335,33.821490465021554
2336,38.22468232613428
2337,38.63903739783035
2338,27.580890387193406
2339,38.28528924865814
2340,45.150606521265715
2341,42.62089865109652
2342,35.765433027606704
2343,48.17366893729746
2344,38.346294468724906
2345,37.97982057294574
2346,38.22468232613428
2347,38.22468232613428
2348,38.22468232613428
2349,38.22468232613428
2350,38.22468232613428
2351,47.669934832685406
2352,34.415042436852545
2353,34.39483526903724
2354,48.114167434113845
2355,34.41214587763774
2356,27.86102665843384
2357,25.369240988913646
2358,35.33990046334631
2359,30.737989845903208
2360,30.659870557942938
2361,33.78626488921352
2362,34.415042436852545
2363,34.415042436852545
2364,34.415042436852545
2365,34.415042436852545
2366,34.415042436852545
2367,27.074230451977247
2368,47.90264549623711
2369,47.05070903054476
2370,50.011544396799074
2371,47.90911178404867
2372,31.9030308970379
2373,47.573634168318314
2374,45.05164624103083
2375,55.55923139211096
2376,27.62507248508175
2377,48.07970886399679
2378,47.90264549623711
2379,47.90264549623711
2380,47.90264549623711
2381,47.90264549623711
2382,47.90264549623711
2383,21.33338612211253
2384,13.804809118657527
2385,14.527565204338114
2386,14.937152904131052
2387,13.801996897931234
2388,15.781535703366771
2389,14.441458498510407
2390,16.400646330940535
2391,10.761222419098255
2392,32.37131177254255
2393,13.692566935927449
2394,13.804809118657527
2395,13.804809118657527
2396,13.804809118657527
2397,13.804809118657527
2398,13.804809118657527
2399,38.87345315730746
2400,21.85214366734519
2401,20.281150723432773
2402,20.311212916467575
2403,21.769730904082046
2404,16.677231265963293
2405,22.345071542599285
2406,19.43423729877245
2407,26.909662980143988
2408,32.02943640174468
2409,22.515362712097865
2410,21.85214366734519
2411,21.85214366734519
2412,21.85214366734519
2413,21.85214366734519
2414,21.85214366734519
2415,24.907491528465034
2416,39.97430672812768
2417,39.70567848844938
2418,38.4499469679174
2419,39.98896541500825
2420,65.5286631189778
2421,40.240929801440615
2422,39.130193470678044
2423,35.22713760456757
2424,20.851148381094305
2425,39.573471169938735
2426,39.97430672812768
2427,39.97430672812768
2428,39.97430672812768
2429,39.97430672812768
2430,39.97430672812768
2431,26.887960265149996
2432,33.076863426187664
2433,40.15981280149728
2434,33.966301625110994
2435,33.02651744488709
2436,31.326889866651573
2437,35.838969038678954
2438,27.061511034567914
2439,39.191594792578194
2440,49.06519356097288
2441,33.00649003587691
2442,33.076863426187664
2443,33.076863426187664
2444,33.076863426187664
2445,33.076863426187664
2446,33.076863426187664
2447,56.09239427865359
2448,20.78938212008944
2449,20.589043734057725
2450,26.478160041897535
2451,20.806623910671554
2452,17.010028415088332
2453,17.729781095925567
2454,24.53743374171533
2455,16.329247993493738
2456,18.172916628181692
2457,20.80056709565773
2458,20.78938212008944
2459,20.78938212008944
2460,20.78938212008944
2461,20.78938212008944
2462,20.78938212008944
2463,14.480715949887502
2464,12.437012819945181
2465,10.909930582103744
2466,13.848152268513585
2467,12.429782484453497
2468,14.62885113124707
2469,10.405394460770538
2470,15.10504561347351
2471,16.553836275831888
2472,14.961416915603087
2473,12.83609777477658
2474,12.437012819945181
2475,12.437012819945181
2476,12.437012819945181
2477,12.437012819945181
2478,12.437012819945181
2479,23.050929898565673
2480,50.22088097163125
2481,52.93684781224175
2482,45.2276137329972
2483,50.19975622345109
2484,56.4277002268606
2485,53.618211584076846
2486,50.47603717210283
2487,41.86563269994194
2488,38.23050148124555
2489,49.20347025462272
2490,50.22088097163125
2491,50.22088097163125
2492,50.22088097163125
2493,50.22088097163125
2494,50.22088097163125
2495,32.21603821197651
2496,18.671107318691018
2497,20.692875071269345
2498,12.49691239022539
2499,18.68863750345786
2500,20.842477788897785
2501,18.694370196724112
2502,12.79348928700523
2503,21.197310918104687
2504,46.683501891045566
2505,19.350431016225404
2506,18.671107318691018
2507,18.671107318691018
2508,18.671107318691018
2509,18.671107318691018
2510,18.671107318691018
2511,41.91331690338386
2512,34.188238066747225
2513,33.38764457981015
2514,40.405736200226514
2515,34.18012372636387
2516,31.08125790825236
2517,33.227586372728815
2518,37.95422053174891
2519,26.636886569346604
2520,13.91496204694686
2521,33.211468828517575
2522,34.188238066747225
2523,34.188238066747225
2524,34.188238066747225
2525,34.188238066747225
2526,34.188238066747225
2527,11.095837323609663
2528,44.44367037168507
2529,39.746226103834786
2530,36.194868865799286
2531,44.518387561425634
2532,42.22593261917395
2533,48.105323097321
2534,45.77711078003122
2535,55.56747327976216
2536,36.977133578406566
2537,43.81071420072523
2538,44.44367037168507
2539,44.44367037168507
2540,44.44367037168507
2541,44.44367037168507
2542,44.44367037168507
2543,39.02777174948804
2544,17.585134475183807
2545,18.44758244873526
2546,24.49673300274657
2547,17.58873103087632
2548,17.90937288830578
2549,16.529942844211092
2550,17.48105418964154
2551,16.160021393566947
2552,25.109441387886342
2553,17.488074656848795
2554,17.585134475183807
2555,17.585134475183807
2556,17.585134475183807
2557,17.585134475183807
2558,17.585134475183807
2559,38.34531687150569
2560,16.32351993101191
2561,19.84386946564609
2562,13.182841101170052
2563,16.30701185229444
2564,17.47637227395699
2565,14.770826202985548
2566,16.8276776082814
2567,18.24162861846692
2568,21.255987911348033
2569,15.828957672570098
2570,16.32351993101191
2571,16.32351993101191
2572,16.32351993101191
2573,16.32351993101191
2574,16.32351993101191
2575,19.5275689586209
2576,20.222209637015734
2577,17.846352784403326
2578,27.175235609777022
2579,20.271020050059725
2580,24.599489501145314
2581,22.353208482511075
2582,24.207845363802793
2583,22.2397598850019
2584,24.101683894492616
2585,21.27688274564355
2586,20.222209637015734
2587,20.222209637015734
2588,20.222209637015734
2589,20.222209637015734
2590,20.222209637015734
2591,43.10723478226423
2592,44.88533932379622
2593,41.06713897733141
2594,39.03800430008348
2595,44.908405123063964
2596,45.025881914209776
2597,44.11863562471491
2598,49.14097571397535
2599,42.41042071319354
2600,40.36731875800709
2601,45.42215670654101
2602,44.88533932379622
2603,44.88533932379622
2604,44.88533932379622
2605,44.88533932379622
2606,44.88533932379622
2607,33.34135207945284
2608,22.94146128753899
2609,23.721023992969336
2610,38.60884204955215
2611,22.93960273713362
2612,17.902936256847855
2613,25.877953763941235
2614,18.008793329618484
2615,19.68173841386409
2616,19.448503179679076
2617,22.714986212105746
2618,22.94146128753899
2619,22.94146128753899
2620,22.94146128753899
2621,22.94146128753899
2622,22.94146128753899
2623,22.974295693813197
2624,56.55669425149021
2625,62.63967381549436
2626,56.173722066560515
2627,56.53537776687494
2628,53.701549683276276
2629,50.97265267817181
2630,55.75326924485096
2631,55.910381771337484
2632,32.315299568038235
2633,56.14046451646023
2634,56.55669425149021
2635,56.55669425149021
2636,56.55669425149021
2637,56.55669425149021
2638,56.55669425149021
2639,30.526300925635468
2640,9.649720360603547
2641,9.542862164640026
2642,12.080428229929517
2643,9.645585425209832
2644,9.831349969867398
2645,11.886488385546768
2646,9.739420579438258
2647,9.777693210622097
2648,24.98230832592149
2649,9.539122551298805
2650,9.649720360603547
2651,9.649720360603547
2652,9.649720360603547
2653,9.649720360603547
2654,9.649720360603547
2655,32.970794859345354
2656,25.536422508951503
2657,19.663692848484757
2658,29.046385204372964
2659,25.58624232585877
2660,29.107225268662372
2661,28.71045268029665
2662,29.976148176666523
2663,25.09781664372526
2664,47.71924173622066
2665,24.76277481149507
2666,25.536422508951503
2667,25.536422508951503
2668,25.536422508951503
2669,25.536422508951503
2670,25.536422508951503
2671,56.85646097183663
2672,33.461102790456366
2673,35.463551412134045
2674,31.430643642406835
2675,33.45351381175508
2676,29.911546320246206
2677,28.963161775054427
2678,26.161940976825885
2679,33.62510177427846
2680,17.83720452408944
2681,34.58452931072008
2682,33.461102790456366
2683,33.461102790456366
2684,33.461102790456366
2685,33.461102790456366
2686,33.461102790456366
2687,7.644794618809351
2688,40.86519599856499
2689,41.85418263126061
2690,41.919145640180936
2691,40.890471180192286
2692,47.23069764736138
2693,40.86925540154826
2694,41.34430546079459
2695,41.15976301753924
2696,29.20256126825166
2697,39.67457127472633
2698,40.86519599856499
2699,40.86519599856499
2700,40.86519599856499
2701,40.86519599856499
2702,40.86519599856499
2703,36.06840756677401
2704,21.102675622027302
2705,21.273592560107296
2706,22.732444769180734
2707,21.081717489353423
2708,17.40965077091807
2709,22.8417028347707
2710,18.570658236618687
2711,20.572116845758046
2712,32.594180503318825
2713,21.114795712930526
2714,21.102675622027302
2715,21.102675622027302
2716,21.102675622027302
2717,21.102675622027302
2718,21.102675622027302
2719,27.16873580232554
2720,19.889063826643376
2721,20.84711141480455
2722,19.756846016136286
2723,19.901070380950376
2724,29.94401699372513
2725,20.2303150618312
2726,24.15016476969104
2727,19.92325336368802
2728,13.621270189795766
2729,19.73028488292325
2730,19.889063826643376
2731,19.889063826643376
2732,19.889063826643376
2733,19.889063826643376
2734,19.889063826643376
2735,26.897905405365417
2736,37.79807865054638
2737,36.8289852820553
2738,34.87070895383285
2739,37.795425625200366
2740,27.30699778350916
2741,37.763976952531955
2742,34.807660554781386
2743,36.970423878041295
2744,47.302465841003304
2745,38.51824355351508
2746,37.79807865054638
2747,37.79807865054638
2748,37.79807865054638
2749,37.79807865054638
2750,37.79807865054638
2751,31.272275818203035
2752,24.518560241397577
2753,23.252551501169958
2754,19.09168412239218
2755,24.549540213255028
2756,18.014278963304136
2757,25.145683056298598
2758,24.190721171399908
2759,26.43108795963523
2760,39.43528127724701
2761,24.252792167308844
2762,24.518560241397577
2763,24.518560241397577
2764,24.518560241397577
2765,24.518560241397577
2766,24.518560241397577
2767,25.829238169811887
2768,22.11899541135311
2769,21.552883538028652
2770,24.36928927888975
2771,22.124537458028026
2772,40.41664596060902
2773,20.912191062683473
2774,20.966445164800614
2775,24.737700350974926
2776,17.336141083991972
2777,22.8526010684622
2778,22.11899541135311
2779,22.11899541135311
2780,22.11899541135311
2781,22.11899541135311
2782,22.11899541135311
2783,36.217839791190755
2784,69.14777472821187
2785,69.3870408846512
2786,58.00035232954134
2787,69.05220925493687
2788,48.09853572373832
2789,62.82053251426261
2790,72.75869250073187
2791,65.5768578808176
2792,27.665184058743446
2793,68.66370287082337
2794,69.14777472821187
2795,69.14777472821187
2796,69.14777472821187
2797,69.14777472821187
2798,69.14777472821187
2799,10.660541943968935
2800,17.114080908968536
2801,15.014029019179604
2802,21.18677261061552
2803,17.090205532691165
2804,18.7979300836105
2805,22.623871193912084
2806,15.684597447766636
2807,14.943622427350467
2808,40.33195640939353
2809,17.151419125674355
2810,17.114080908968536
2811,17.114080908968536
2812,17.114080908968536
2813,17.114080908968536
2814,17.114080908968536
2815,55.68865259109744
2816,54.081199575186616
2817,64.48336329053326
2818,46.8337995393965
2819,54.08379749528571
2820,57.400402697254755
2821,51.79737651943397
2822,58.04468122568224
2823,59.044207884666285
2824,54.125701557503064
2825,54.4334192593647
2826,54.081199575186616
2827,54.081199575186616
2828,54.081199575186616
2829,54.081199575186616
2830,54.081199575186616
2831,58.02520422465339
2832,10.669402858198346
2833,10.7114700620152
2834,17.687275131191164
2835,10.667465626290642
2836,10.07929316496953
2837,13.153510682687902
2838,8.880291290643363
2839,11.717697129121763
2840,10.111113574388336
2841,10.535855103168405
2842,10.669402858198346
2843,10.669402858198346
2844,10.669402858198346
2845,10.669402858198346
2846,10.669402858198346
2847,14.749484492766202
2848,30.711238130636506
2849,25.571736285169546
2850,29.52773651355108
2851,30.646601524330126
2852,27.13081625701044
2853,33.80637443670988
2854,34.65803156171707
2855,29.200955997934557
2856,27.883172204833212
2857,31.483878673589512
2858,30.711238130636506
2859,30.711238130636506
2860,30.711238130636506
2861,30.711238130636506
2862,30.711238130636506
2863,25.185662703189823
2864,23.9214398806658
2865,25.253345333041125
2866,31.182702325633016
2867,23.95108320364615
2868,27.72474212787504
2869,20.54373573622091
2870,24.334495811420627
2871,20.71952136556518
2872,25.578414179055034
2873,23.784872725268023
2874,23.9214398806658
2875,23.9214398806658
2876,23.9214398806658
2877,23.9214398806658
2878,23.9214398806658
2879,33.3601374414273
2880,35.18296172551935
2881,37.04932855173273
2882,39.22384587963227
2883,35.23172777334734
2884,32.85564275209176
2885,33.61143972803626
2886,35.92624874920967
2887,34.91228933310648
2888,48.03725892637995
2889,36.278628603918655
2890,35.18296172551935
2891,35.18296172551935
2892,35.18296172551935
2893,35.18296172551935
2894,35.18296172551935
2895,50.79879113693853
2896,42.816481723837946
2897,40.52993737885369
2898,42.39849618189094
2899,42.80575768246923
2900,36.9370806467753
2901,43.97961542693419
2902,37.027019011685844
2903,43.96425664250268
2904,17.218073327906446
2905,42.10432208485816
2906,42.816481723837946
2907,42.816481723837946
2908,42.816481723837946
2909,42.816481723837946
2910,42.816481723837946
2911,11.330786645820384
2912,43.31086012190236
2913,40.496339562869885
2914,41.53260019856183
2915,43.30406054801246
2916,42.76816408235969
2917,41.81240484066119
2918,43.56482390137193
2919,41.90462202031062
2920,32.81615889066678
2921,43.08090502965105
2922,43.31086012190236
2923,43.31086012190236
2924,43.31086012190236
2925,43.31086012190236
2926,43.31086012190236
2927,24.790451520713773
2928,8.569592753969976
2929,9.112174298644304
2930,8.448108699951197
2931,8.569690836770214
2932,10.525854794844582
2933,9.47584050034832
2934,8.093798215877408
2935,9.128744223780563
2936,23.43707987626729
2937,8.423888879723304
2938,8.569592753969976
2939,8.569592753969976
2940,8.569592753969976
2941,8.569592753969976
2942,8.569592753969976
2943,30.668792091541178
2944,32.358071562118475
2945,31.07355024027216
2946,37.98835583266456
2947,32.378797704714565
2948,24.047446605333807
2949,35.80452498081776
2950,39.37075383280907
2951,29.20883898154641
2952,17.709813435461623
2953,33.841605887600785
2954,32.358071562118475
2955,32.358071562118475
2956,32.358071562118475
2957,32.358071562118475
2958,32.358071562118475
2959,20.627120948906093
2960,35.76412194918475
2961,34.2161679167401
2962,30.48280971050797
2963,35.76439408633692
2964,37.622747285063774
2965,33.67485364732462
2966,31.591902101065525
2967,38.35167752850722
2968,41.6585688376991
2969,34.499248870493524
2970,35.76412194918475
2971,35.76412194918475
2972,35.76412194918475
2973,35.76412194918475
2974,35.76412194918475
2975,31.78859952763866
2976,60.19963066028789
2977,62.51452723102546
2978,54.218566095338474
2979,60.23961989444554
2980,48.47749754836675
2981,55.64775046508725
2982,57.848612741814314
2983,58.916904772747365
2984,57.221788522551535
2985,59.24646230165044
2986,60.19963066028789
2987,60.19963066028789
2988,60.19963066028789
2989,60.19963066028789
2990,60.19963066028789
2991,34.86669945243568
2992,5.15543122955139
2993,5.15586549859532
2994,5.137340774852428
2995,5.155616965055798
2996,8.040354953861009
2997,7.445671085708108
2998,5.3166757461897935
2999,5.454076443034296
3000,9.498588932639386
3001,5.154735762074981
3002,5.15543122955139
3003,5.15543122955139
3004,5.15543122955139
3005,5.15543122955139
3006,5.15543122955139
3007,24.062405850469357
3008,36.43023770683693
3009,35.75886256553032
3010,25.766139308983746
3011,36.34232653361095
3012,57.47524994528266
3013,36.31217552253361
3014,42.26260505361208
3015,41.788972161865594
3016,15.023668256341864
3017,36.32581724673628
3018,36.43023770683693
3019,36.43023770683693
3020,36.43023770683693
3021,36.43023770683693
3022,36.43023770683693
3023,23.799573763586977
3024,17.146165513727023
3025,17.34884145901004
3026,22.627980833582463
3027,17.15287933128168
3028,11.005093297679949
3029,15.506625715888747
3030,12.85412239234335
3031,17.648879275585603
3032,47.00710104347935
3033,17.1896530014986
3034,17.146165513727023
3035,17.146165513727023
3036,17.146165513727023
3037,17.146165513727023
3038,17.146165513727023
3039,29.72448085196748
3040,31.397389539744907
3041,29.409606962777524
3042,26.31879115855959
3043,31.421258532730505
3044,38.60828791538655
3045,31.021356829121178
3046,30.200069662250634
3047,29.99687706424482
3048,38.560317752249986
3049,32.49822192180828
3050,31.397389539744907
3051,31.397389539744907
3052,31.397389539744907
3053,31.397389539744907
3054,31.397389539744907
3055,36.87984641616383
3056,25.12319574245202
3057,25.07767866780826
3058,31.223326636154404
3059,25.123386618313923
3060,19.84345992590597
3061,25.169916103964795
3062,24.912444124064567
3063,21.66884069960307
3064,18.772744313184386
3065,24.524420143252765
3066,25.12319574245202
3067,25.12319574245202
3068,25.12319574245202
3069,25.12319574245202
3070,25.12319574245202
3071,16.419759820566952
3072,20.271118089545585
3073,25.015081307517093
3074,19.40045772568671
3075,20.271802054802805
3076,20.668199811954928
3077,24.715482777165384
3078,26.722972018252484
3079,24.27456892453184
3080,8.664573962106182
3081,19.629091202926844
3082,20.271118089545585
3083,20.271118089545585
3084,20.271118089545585
3085,20.271118089545585
3086,20.271118089545585
3087,20.838389018371036
3088,44.034161113274926
3089,39.56011642469738
3090,35.83254049273884
3091,43.99502455613341
3092,36.877245268853876
3093,39.21490017042982
3094,37.054915855950306
3095,30.48735536635077
3096,62.58770143091565
3097,44.767802431224915
3098,44.034161113274926
3099,44.034161113274926
3100,44.034161113274926
3101,44.034161113274926
3102,44.034161113274926
3103,23.15609144841404
3104,19.215154275969592
3105,18.24696264068086
3106,16.28069045099317
3107,19.157125102935453
3108,20.549577573329522
3109,17.99228782306111
3110,17.695246803438007
3111,27.166523252379424
3112,31.092145279738116
3113,19.350283858682406
3114,19.215154275969592
3115,19.215154275969592
3116,19.215154275969592
3117,19.215154275969592
3118,19.215154275969592
3119,33.753283271921326
3120,44.78053514627609
3121,45.371232930234434
3122,49.2015348394478
3123,44.79032139462923
3124,49.70292391942504
3125,51.3527684072618
3126,43.287268813210694
3127,39.19362772094706
3128,23.242419010150154
3129,44.93665145655805
3130,44.78053514627609
3131,44.78053514627609
3132,44.78053514627609
3133,44.78053514627609
3134,44.78053514627609
3135,31.226944110550868
3136,14.42395517702421
3137,18.37283861985915
3138,9.316327572431296
3139,14.468916129863725
3140,16.122281099315636
3141,13.681548342103184
3142,20.066493091912132
3143,17.12349309593822
3144,15.497445241193994
3145,14.410124702377786
3146,14.42395517702421
3147,14.42395517702421
3148,14.42395517702421
3149,14.42395517702421
3150,14.42395517702421
3151,19.42144945007541
3152,30.91026147703861
3153,30.79016133761458
3154,42.665345220285886
3155,30.90821980002679
3156,30.026539717832097
3157,31.289339256055726
3158,27.887170019952332
3159,27.38903196414617
3160,34.34110415803022
3161,31.256868536887225
3162,30.91026147703861
3163,30.91026147703861
3164,30.91026147703861
3165,30.91026147703861
3166,30.91026147703861
3167,37.07590179083922
3168,59.599916834703244
3169,51.58301041657129
3170,44.21774132851738
3171,59.594622278623696
3172,56.705872066108924
3173,56.68055910268217
3174,57.304857852101215
3175,64.15684148534878
3176,52.48231073956159
3177,58.74846938553281
3178,59.599916834703244
3179,59.599916834703244
3180,59.599916834703244
3181,59.599916834703244
3182,59.599916834703244
3183,35.88187292331595
3184,20.366607652408746
3185,22.56545215233215
3186,24.333358717448014
3187,20.36337346467409
3188,19.4867730846154
3189,21.977615447683462
3190,21.056562507058015
3191,17.013097926042683
3192,15.148949822168424
3193,20.680460324984512
3194,20.366607652408746
3195,20.366607652408746
3196,20.366607652408746
3197,20.366607652408746
3198,20.366607652408746
3199,20.57914963938478
3200,12.950593900604318
3201,14.711047931791805
3202,8.774304200864513
3203,12.958967976869678
3204,18.289230229257953
3205,11.084114104966138
3206,13.620639074866006
3207,15.611338486178415
3208,39.86952090826709
3209,13.055836974602846
3210,12.950593900604318
3211,12.950593900604318
3212,12.950593900604318
3213,12.950593900604318
3214,12.950593900604318
3215,48.58910688278624
3216,33.87007047992986
3217,33.81946503226352
3218,56.417830350405595
3219,33.87013420987456
3220,25.81386563300744
3221,40.95158723300912
3222,29.294564667433896
3223,29.25479900038613
3224,15.06625046445872
3225,34.09150672105174
3226,33.87007047992986
3227,33.87007047992986
3228,33.87007047992986
3229,33.87007047992986
3230,33.87007047992986
3231,22.102806938831403
3232,30.366944777787538
3233,30.43600497810795
3234,23.37396617368879
3235,30.394186440497094
3236,36.15900181453789
3237,31.93519451442592
3238,31.131925627085902
3239,34.91203409229335
3240,20.434556633998596
3241,29.56264771401925
3242,30.366944777787538
3243,30.366944777787538
3244,30.366944777787538
3245,30.366944777787538
3246,30.366944777787538
3247,23.298568252357978
3248,27.897720682290696
3249,26.646331802343667
3250,33.800254376064046
3251,27.868868635060373
3252,21.93074008503968
3253,26.257680137387585
3254,27.914219169714716
3255,21.957545793264302
3256,35.11625481339318
3257,28.45650833379591
3258,27.897720682290696
3259,27.897720682290696
3260,27.897720682290696
3261,27.897720682290696
3262,27.897720682290696
3263,24.043907062559548
3264,38.78588201313954
3265,33.22223661170937
3266,35.81570906500596
3267,38.67574248111252
3268,27.69512221867515
3269,39.22293951393627
3270,42.231406404340866
3271,43.873293786390064
3272,56.848047556495004
3273,36.90432494556197
3274,38.78588201313954
3275,38.78588201313954
3276,38.78588201313954
3277,38.78588201313954
3278,38.78588201313954
3279,40.53583519346316
3280,26.783554470065663
3281,26.563940598062153
3282,24.658206430407517
3283,26.80905901032085
3284,32.13624670475945
3285,25.84605058444687
3286,22.75557980434334
3287,18.056990109922502
3288,18.510084378343745
3289,27.32722737655659
3290,26.783554470065663
3291,26.783554470065663
3292,26.783554470065663
3293,26.783554470065663
3294,26.783554470065663
3295,9.764207862884684
3296,20.475773106518986
3297,20.71361710102536
3298,20.37208160570156
3299,20.509989107429277
3300,14.516334253979807
3301,20.45744702136227
3302,23.299024851357096
3303,29.480633597556714
3304,29.144652036894897
3305,20.82178587227027
3306,20.475773106518986
3307,20.475773106518986
3308,20.475773106518986
3309,20.475773106518986
3310,20.475773106518986
3311,30.69306639709975
3312,34.14479851268231
3313,33.461360853188346
3314,34.821352302136155
3315,34.14566880809714
3316,55.121816363745666
3317,33.729028999335256
3318,34.539885563862875
3319,30.61506466699164
3320,28.240366380960477
3321,34.067354475390395
3322,34.14479851268231
3323,34.14479851268231
3324,34.14479851268231
3325,34.14479851268231
3326,34.14479851268231
3327,42.59146896139607
3328,29.081090334187607
3329,38.780763791181634
3330,24.966496328524194
3331,29.04217544788895
3332,25.043863267509174
3333,27.50042662348734
3334,28.13047633866804
3335,20.425898462970185
3336,48.62364642049751
3337,29.180420438158446
3338,29.081090334187607
3339,29.081090334187607
3340,29.081090334187607
3341,29.081090334187607
3342,29.081090334187607
3343,32.21884548538172
3344,32.32461423886608
3345,31.356238346217168
3346,32.11592583735857
3347,32.35758685181416
3348,33.3934000771355
3349,36.48559876700246
3350,29.968455833222546
3351,35.157277227482574
3352,14.017279566867854
3353,32.60927657107129
3354,32.32461423886608
3355,32.32461423886608
3356,32.32461423886608
3357,32.32461423886608
3358,32.32461423886608
3359,16.917565101554764
3360,45.05571383516502
3361,38.585081435253564
3362,46.73007224928514
3363,45.0760908312774
3364,49.121302931171854
3365,42.88215194362088
3366,48.86691283990227
3367,40.64078815832428
3368,28.894368767991725
3369,45.671948978217316
3370,45.05571383516502
3371,45.05571383516502
3372,45.05571383516502
3373,45.05571383516502
3374,45.05571383516502
3375,24.60679634479582
3376,10.858887603464078
3377,11.21566948763131
3378,11.535370885858404
3379,10.853730503028082
3380,11.464499135627692
3381,11.485643881055498
3382,9.67357924080379
3383,16.355845590857758
3384,29.192072331782867
3385,10.45620452010033
3386,10.858887603464078
3387,10.858887603464078
3388,10.858887603464078
3389,10.858887603464078
3390,10.858887603464078
3391,39.397264464379106
3392,24.75475359157655
3393,26.6609858815358
3394,21.787577226972207
3395,24.746978664178418
3396,25.2180235926381
3397,26.89437030402863
3398,25.319366829958394
3399,20.934023633236325
3400,25.601266491084036
3401,25.413561998123594
3402,24.75475359157655
3403,24.75475359157655
3404,24.75475359157655
3405,24.75475359157655
3406,24.75475359157655
3407,23.53385987457877
3408,25.070705805402024
3409,23.22689513050464
3410,36.52483689172973
3411,25.051724782397784
3412,29.968082118374827
3413,21.634357069138115
3414,22.279981192451004
3415,31.21567918796755
3416,27.59661069944861
3417,24.18860093186729
3418,25.070705805402024
3419,25.070705805402024
3420,25.070705805402024
3421,25.070705805402024
3422,25.070705805402024
3423,37.10694698579523
3424,22.070115869016657
3425,17.372787000703998
3426,9.454478526828805
3427,22.13030690714765
3428,19.907375532800717
3429,20.67478229883383
3430,28.344547135811045
3431,17.65931891883697
3432,25.598599608512842
3433,22.038431714402325
3434,22.070115869016657
3435,22.070115869016657
3436,22.070115869016657
3437,22.070115869016657
3438,22.070115869016657
3439,9.331537648148041
3440,41.27043520707185
3441,40.35428304795896
3442,50.161996585577015
3443,41.278152099165645
3444,37.09658087169989
3445,45.91601834951799
3446,39.13258634612375
3447,48.704267520657204
3448,40.206882916107624
3449,42.206913511030336
3450,41.27043520707185
3451,41.27043520707185
3452,41.27043520707185
3453,41.27043520707185
3454,41.27043520707185
3455,59.09288702616937
3456,37.222038767363806
3457,37.42879915725002
3458,32.80792820925274
3459,37.237476938600516
3460,29.74103577271348
3461,36.866434227509764
3462,37.30148718969112
3463,31.81910999259028
3464,25.168147695978828
3465,38.00688999305466
3466,37.222038767363806
3467,37.222038767363806
3468,37.222038767363806
3469,37.222038767363806
3470,37.222038767363806
3471,13.962292073497268
3472,14.560152572227283
3473,13.677628749874453
3474,26.642412390731526
3475,14.537692234018522
3476,22.133264937492616
3477,15.139797429137335
3478,15.546840410818948
3479,18.59315002711658
3480,20.199984983516902
3481,14.273967676941059
3482,14.560152572227283
3483,14.560152572227283
3484,14.560152572227283
3485,14.560152572227283
3486,14.560152572227283
3487,56.03162535225917
3488,28.85521954915483
3489,30.938202671920752
3490,13.758310393214918
3491,28.862980542685627
3492,21.331976888077907
3493,28.8849892332893
3494,33.95360101746771
3495,21.5449516374828
3496,64.55443676409689
3497,29.057675037434045
3498,28.85521954915483
3499,28.85521954915483
3500,28.85521954915483
3501,28.85521954915483
3502,28.85521954915483
3503,32.735897209002815
3504,37.48081380050042
3505,37.561143339910096
3506,44.62312908140781
3507,37.480921086104026
3508,42.08555687006938
3509,38.132661538974624
3510,29.747334411244026
3511,44.950340540567126
3512,11.554535542405787
3513,37.79386781706961
3514,37.48081380050042
3515,37.48081380050042
3516,37.48081380050042
3517,37.48081380050042
3518,37.48081380050042
3519,20.01285552089
3520,35.22886527695773
3521,34.13063414690125
3522,28.771079233996332
3523,35.28169486174735
3524,43.41006560660965
3525,29.774833264431223
3526,35.40417478891351
3527,26.308359666768506
3528,38.35537114136233
3529,35.632502924858954
3530,35.22886527695773
3531,35.22886527695773
3532,35.22886527695773
3533,35.22886527695773
3534,35.22886527695773
3535,21.51850478338808
3536,35.468749673491416
3537,35.92617767817572
3538,38.453045993045606
3539,35.472158839216526
3540,25.435900970738853
3541,43.370148470409696
3542,40.036306346921315
3543,39.10424848252174
3544,18.091635748102732
3545,35.24431382061157
3546,35.468749673491416
3547,35.468749673491416
3548,35.468749673491416
3549,35.468749673491416
3550,35.468749673491416
3551,24.9766649276313
3552,31.396086178310902
3553,31.289534922736546
3554,36.11724903556105
3555,31.330612886319763
3556,49.17598823665515
3557,33.261278652366634
3558,34.862001280389826
3559,29.798546507273212
3560,41.48266535099385
3561,31.564451400214548
3562,31.396086178310902
3563,31.396086178310902
3564,31.396086178310902
3565,31.396086178310902
3566,31.396086178310902
3567,74.91756976411682
3568,22.356478110261815
3569,22.310523872620386
3570,22.109248189186783
3571,22.376312453054272
3572,15.660437041197222
3573,20.399738424646625
3574,17.318663783549738
3575,30.590537664427405
3576,18.215882541559324
3577,21.83120748417083
3578,22.356478110261815
3579,22.356478110261815
3580,22.356478110261815
3581,22.356478110261815
3582,22.356478110261815
3583,12.129670395932708
3584,43.83892544608259
3585,47.97100821898406
3586,36.683954603396764
3587,43.87673190420386
3588,34.91953050956649
3589,49.0583743618194
3590,35.33740596139599
3591,46.428511888991515
3592,63.554781199637716
3593,43.71187523558113
3594,43.83892544608259
3595,43.83892544608259
3596,43.83892544608259
3597,43.83892544608259
3598,43.83892544608259
3599,47.13282628029099
3600,26.332266141265578
3601,26.469248263127415
3602,28.2916625577624
3603,26.321923339438335
3604,27.802957622915592
3605,20.621626641785276
3606,31.481147574313614
3607,29.513232900480773
3608,12.186266945650905
3609,26.694081476567725
3610,26.332266141265578
3611,26.332266141265578
3612,26.332266141265578
3613,26.332266141265578
3614,26.332266141265578
3615,16.8056892767461
3616,53.595483381998086
3617,53.557411211591784
3618,59.512080593985594
3619,53.634746620112104
3620,40.370167091102076
3621,51.421678169014896
3622,55.05237619940091
3623,49.82450036501437
3624,32.85697712196458
3625,52.779471795017834
3626,53.595483381998086
3627,53.595483381998086
3628,53.595483381998086
3629,53.595483381998086
3630,53.595483381998086
3631,25.86974437061219
3632,9.82890075856425
3633,8.660757638598845
3634,10.251479064368588
3635,9.83249562547168
3636,15.752665121718548
3637,10.422807235784614
3638,10.03738444873225
3639,8.66662434265202
3640,19.544029499686093
3641,9.935234867040274
3642,9.82890075856425
3643,9.82890075856425
3644,9.82890075856425
3645,9.82890075856425
3646,9.82890075856425
3647,28.753970863935486
3648,43.97756678966845
3649,42.84944614778331
3650,39.63306058479738
3651,43.989005656669576
3652,68.3324859949834
3653,43.323533086425044
3654,38.7370398927989
3655,45.07270606799385
3656,40.783370296920246
3657,42.850495432229266
3658,43.97756678966845
3659,43.97756678966845
3660,43.97756678966845
3661,43.97756678966845
3662,43.97756678966845
3663,47.79097575769614
3664,18.83989763684858
3665,18.591388096909892
3666,33.02772567212791
3667,18.83619412454815
3668,13.126120401059467
3669,19.32230064613126
3670,22.214303322521125
3671,17.99617441738242
3672,13.468336563309862
3673,19.037107985860995
3674,18.83989763684858
3675,18.83989763684858
3676,18.83989763684858
3677,18.83989763684858
3678,18.83989763684858
3679,19.63014444053114
3680,26.596120964859477
3681,25.57298568869759
3682,15.099306739907318
3683,26.513841511019447
3684,32.74761489319131
3685,27.807357435968388
3686,29.26055568134336
3687,25.94067331106648
3688,30.408902984420845
3689,26.606127235808422
3690,26.596120964859477
3691,26.596120964859477
3692,26.596120964859477
3693,26.596120964859477
3694,26.596120964859477
3695,25.82737678688564
3696,25.50947112422114
3697,25.38742133174325
3698,34.59813149068936
3699,25.502809992524945
3700,18.75357256545681
3701,26.158892098907202
3702,24.977176900508038
3703,25.479250504157783
3704,29.750574505654484
3705,25.702118188327407
3706,25.50947112422114
3707,25.50947112422114
3708,25.50947112422114
3709,25.50947112422114
3710,25.50947112422114
3711,31.33802172181476
3712,58.83131429765082
3713,62.44663366610794
3714,55.052526060148814
3715,58.7920520533426
3716,65.1487150775088
3717,52.72886379616786
3718,55.6790628122046
3719,57.18194589628234
3720,24.367461117426046
3721,56.357263416353355
3722,58.83131429765082
3723,58.83131429765082
3724,58.83131429765082
3725,58.83131429765082
3726,58.83131429765082
3727,15.582263131567672
3728,11.471151696724533
3729,8.965895055402239
3730,18.559586607707367
3731,11.513891425379157
3732,11.755956647955703
3733,13.40361515746362
3734,12.967802270950429
3735,11.950976352309496
3736,27.08289274603032
3737,11.72707236615825
3738,11.471151696724533
3739,11.471151696724533
3740,11.471151696724533
3741,11.471151696724533
3742,11.471151696724533
3743,37.39189028104819
3744,31.291038434509158
3745,29.08559716335253
3746,15.890189540580085
3747,31.268350587986326
3748,26.04081417072075
3749,34.8786206668733
3750,28.234050294042742
3751,31.39755550114671
3752,48.911877830022064
3753,31.93318679860188
3754,31.291038434509158
3755,31.291038434509158
3756,31.291038434509158
3757,31.291038434509158
3758,31.291038434509158
3759,27.395170539840525
3760,23.804680022929855
3761,23.207340913329965
3762,30.992984733779867
3763,23.814718325540266
3764,25.32582099711545
3765,19.35334116144398
3766,22.67246082849439
3767,23.368777408019252
3768,20.410528273237126
3769,23.71387563587108
3770,23.804680022929855
3771,23.804680022929855
3772,23.804680022929855
3773,23.804680022929855
3774,23.804680022929855
3775,28.214858717604326
3776,32.64828002858881
3777,36.25698099314004
3778,27.0054151297563
3779,32.66893415610586
3780,31.045997887451364
3781,34.70939118494615
3782,31.210033500344466
3783,36.93896255987201
3784,23.134788205570676
3785,33.11728758275496
3786,32.64828002858881
3787,32.64828002858881
3788,32.64828002858881
3789,32.64828002858881
3790,32.64828002858881
3791,23.839880008963267
3792,26.90200675636765
3793,25.752928738852574
3794,25.137201725201493
3795,26.896163710335113
3796,23.00265084152281
3797,26.54510029869879
3798,34.42606539112722
3799,28.548579582680443
3800,41.99599178309326
3801,26.970422475510155
3802,26.90200675636765
3803,26.90200675636765
3804,26.90200675636765
3805,26.90200675636765
3806,26.90200675636765
3807,42.082467100670534
3808,39.13611416560797
3809,34.42565961505249
3810,40.477479053334285
3811,39.19656093718137
3812,37.67575328084644
3813,40.59358799946984
3814,37.62057354393606
3815,35.79279279827407
3816,33.0330193124583
3817,38.03185039943669
3818,39.13611416560797
3819,39.13611416560797
3820,39.13611416560797
3821,39.13611416560797
3822,39.13611416560797
3823,24.333219887459542
3824,12.141525324440162
3825,13.217419534737026
3826,12.588487720014179
3827,12.141691136467298
3828,14.931216773634269
3829,10.952669062292124
3830,12.91896518862111
3831,10.931809333654673
3832,17.99370202676749
3833,12.399173765413066
3834,12.141525324440162
3835,12.141525324440162
3836,12.141525324440162
3837,12.141525324440162
3838,12.141525324440162
3839,23.431544757627268
3840,24.629216069862334
3841,25.39368960142711
3842,22.995850324267387
3843,24.6400596575316
3844,28.13351448321011
3845,24.973860341354094
3846,24.851247372150283
3847,28.90852805188116
3848,14.238045213402042
3849,25.421734987746188
3850,24.629216069862334
3851,24.629216069862334
3852,24.629216069862334
3853,24.629216069862334
3854,24.629216069862334
3855,19.84159912714297
3856,21.345063991993452
3857,20.66722325687548
3858,18.069399218946877
3859,21.3408412957986
3860,17.53308088602929
3861,20.401906481061754
3862,22.583390255063573
3863,22.196612520566305
3864,48.855205001384846
3865,20.636091210043016
3866,21.345063991993452
3867,21.345063991993452
3868,21.345063991993452
3869,21.345063991993452
3870,21.345063991993452
3871,35.861990048602465
3872,29.386639663098443
3873,30.665019864253104
3874,29.175252070065135
3875,29.399714358332144
3876,44.01788265388384
3877,28.47541865904594
3878,26.36766323694291
3879,28.568490124250694
3880,43.071759151123004
3881,29.3058804089671
3882,29.386639663098443
3883,29.386639663098443
3884,29.386639663098443
3885,29.386639663098443
3886,29.386639663098443
3887,58.848364444035134
3888,36.307441341483965
3889,36.04282178257796
3890,41.38875304872279
3891,36.278990968714886
3892,26.166906683150078
3893,35.815917781729105
3894,38.633199975232486
3895,30.9323907057081
3896,12.941164137505078
3897,37.25293149483668
3898,36.307441341483965
3899,36.307441341483965
3900,36.307441341483965
3901,36.307441341483965
3902,36.307441341483965
3903,10.279301296999185
3904,23.68060026490901
3905,24.913169414234424
3906,14.124940869647984
3907,23.60027892487872
3908,15.922287054254557
3909,29.94264843035138
3910,23.114033892107813
3911,22.069499208862403
3912,25.485229016230967
3913,23.659099733299723
3914,23.68060026490901
3915,23.68060026490901
3916,23.68060026490901
3917,23.68060026490901
3918,23.68060026490901
3919,13.211678029870741
3920,22.079467149885687
3921,22.06346729450174
3922,33.81888810723417
3923,22.076722652787975
3924,36.89871315965535
3925,17.383635349058807
3926,24.215160911204077
3927,24.232182677833727
3928,21.585780326004166
3929,22.404792878563452
3930,22.079467149885687
3931,22.079467149885687
3932,22.079467149885687
3933,22.079467149885687
3934,22.079467149885687
3935,59.87926498392821
3936,59.651379588314946
3937,57.657474616758066
3938,47.846887355189544
3939,59.680703107854406
3940,44.22862762557058
3941,57.91486427252578
3942,54.33297391472685
3943,58.08800494432927
3944,57.75445777071813
3945,60.73375002720263
3946,59.651379588314946
3947,59.651379588314946
3948,59.651379588314946
3949,59.651379588314946
3950,59.651379588314946
3951,26.83236399963841
3952,13.008781708932233
3953,13.16497033024538
3954,16.489199182695806
3955,13.009710185020296
3956,15.264359544899381
3957,14.702201817993798
3958,14.933289726533575
3959,14.195391429558002
3960,14.20010567126127
3961,12.4687903768882
3962,13.008781708932233
3963,13.008781708932233
3964,13.008781708932233
3965,13.008781708932233
3966,13.008781708932233
3967,27.520403185001364
3968,18.314295331202548
3969,23.585633594469748
3970,13.911123486375368
3971,18.30963144508134
3972,19.256559062477585
3973,20.20867499885874
3974,17.171500773466242
3975,17.93697898236503
3976,25.766571493372833
3977,18.55841855030435
3978,18.314295331202548
3979,18.314295331202548
3980,18.314295331202548
3981,18.314295331202548
3982,18.314295331202548
3983,24.29496406640003
3984,33.55799246279354
3985,32.18492036288921
3986,50.426394847565696
3987,33.5438869682282
3988,37.89982676205511
3989,30.85088955834799
3990,31.08961366452765
3991,35.115016826632456
3992,22.47921372537733
3993,33.297175880382234
3994,33.55799246279354
3995,33.55799246279354
3996,33.55799246279354
3997,33.55799246279354
3998,33.55799246279354
3999,32.612077150750586
4000,44.56393149105075
4001,38.8034929253635
4002,33.79205171917027
4003,44.51470195430071
4004,45.56624122213056
4005,45.44190724860351
4006,38.151621337634175
4007,43.49582153045769
4008,17.271753569008673
4009,44.678361091863785
4010,44.56393149105075
4011,44.56393149105075
4012,44.56393149105075
4013,44.56393149105075
4014,44.56393149105075
4015,8.76917983018498
4016,20.233836749956513
4017,21.168511585956534
4018,26.17710651119209
4019,20.249883018569786
4020,16.8330005445756
4021,17.56561488291016
4022,26.573112815002567
4023,21.5995788010041
4024,58.08239826874827
4025,19.712803915348562
4026,20.233836749956513
4027,20.233836749956513
4028,20.233836749956513
4029,20.233836749956513
4030,20.233836749956513
4031,60.53965002049939
4032,47.07933768651657
4033,47.61755728853332
4034,45.37494842824976
4035,47.13032978002252
4036,42.468975913144355
4037,43.17940367906475
4038,49.2113243713063
4039,51.494864072178416
4040,40.477508730333234
4041,47.82755234461698
4042,47.07933768651657
4043,47.07933768651657
4044,47.07933768651657
4045,47.07933768651657
4046,47.07933768651657
4047,38.465487449556036
4048,17.44593226332447
4049,14.598604014859534
4050,12.352248344419761
4051,17.41524718523242
4052,17.817541110809877
4053,18.87232146781538
4054,16.390329512086144
4055,19.325786324626257
4056,27.704374791065536
4057,17.156354952600854
4058,17.44593226332447
4059,17.44593226332447
4060,17.44593226332447
4061,17.44593226332447
4062,17.44593226332447
4063,25.231245119362928
4064,36.894656301781815
4065,33.20500534800824
4066,32.687175974352705
4067,36.901939220492544
4068,44.13625617220233
4069,41.04145032961921
4070,33.70905370052194
4071,35.61129270682581
4072,24.263002290692107
4073,37.29028067736685
4074,36.894656301781815
4075,36.894656301781815
4076,36.894656301781815
4077,36.894656301781815
4078,36.894656301781815
4079,21.29038429493866
4080,29.452442865995796
4081,28.162750748521887
4082,30.275153013759738
4083,29.462779637354828
4084,26.26376138214197
4085,26.379055840679765
4086,35.88353101509468
4087,25.255151977168463
4088,31.920630940489577
4089,29.52098533444533
4090,29.452442865995796
4091,29.452442865995796
4092,29.452442865995796
4093,29.452442865995796
4094,29.452442865995796
4095,32.00188781559368
